;;sea;;;;;;
caso;Hs;Tp;inc;dir;S;gamma;alfa;rnd 
1;0.657767719;7.558451991;219.6993916;330.3006084;18;2.370423;0.000508;3983
2;1.819995359;6.020629336;0.010874995;189.989125;20;2.650929;0.009193;7892
3;0.654401257;6.129268017;333.0740793;216.9259207;11;2.627465;0.001094;6498
4;0.894102442;6.172853567;193.6044935;356.3955065;20;2.619087;0.002002;3693
5;1.642597453;6.952071827;300.7730002;249.2269998;17;2.47039;0.00432;8660
6;0.68294649;8.012377679;335.4056839;214.5943161;25;2.304074;0.000432;506
7;1.40706295;6.379043311;243.7365534;306.2634466;23;2.576398;0.004423;4686
8;1.132271911;8.147179459;199.7255184;350.2744816;1;2.284555;0.001117;6012
9;1.078545418;7.209588234;213.8403196;336.1596804;12;2.42624;0.001629;2852
10;1.018519166;7.409220051;327.007308;222.992692;23;2.393863;0.001309;4431
11;1.930618963;6.781288636;346.9327318;203.0672682;7;2.500611;0.006575;1726
12;1.873899066;7.495663578;59.26697961;130.7330204;5;2.379715;0.004202;8432
13;0.773154476;8.485021845;239.734229;310.265771;25;2.239166;0.000444;6011
14;0.947742317;8.467314485;266.5268747;283.4731253;2;2.241761;0.000682;1258
15;0.762537275;6.319355061;356.4437206;193.5562794;25;2.588379;0.001332;9238
16;1.626807166;7.043568658;227.6007118;322.3992882;2;2.454832;0.004063;9341
17;1.455413838;6.744263935;141.1096387;48.89036134;15;2.507887;0.003848;1529
18;1.88910956;6.484765606;81.18608555;108.8139144;7;2.556799;0.007491;1483
19;1.405946021;8.036984719;222.8681191;327.1318809;12;2.299849;0.001832;1551
20;1.591813884;7.138766825;145.8348245;44.16517552;22;2.43789;0.003664;280
21;1.510017342;8.17751441;161.245307;28.75469304;22;2.280437;0.001968;5075
22;1.237981428;8.034251143;29.05014145;160.9498586;25;2.301254;0.001424;556
23;1.014660202;8.179297552;120.0392597;69.96074031;8;2.280437;0.00088;4771
24;1.992794252;6.697949563;344.1155062;205.8844938;15;2.515227;0.007313;7173
25;1.555796488;7.868908915;63.60559174;126.3944083;25;2.324108;0.002433;2688
26;0.959231331;6.71786815;187.3040093;2.695990694;20;2.511549;0.001683;9534
27;0.948546779;7.586213064;242.1150976;307.8849024;5;2.365818;0.001036;6334
28;1.077296653;8.267696234;204.0190013;345.9809987;16;2.268218;0.000965;9286
29;1.897080733;6.289409473;308.5279268;241.4720732;7;2.594433;0.008478;1368
30;1.170009264;6.269086342;318.9737412;231.0262588;12;2.598493;0.003254;3515
31;1.551520045;7.1106016;352.701115;197.298885;24;2.442935;0.003538;3388
32;1.775943086;7.913816137;185.7290007;4.270999287;14;2.31833;0.003108;8230
33;0.756600171;7.483136005;173.7543904;16.24560956;13;2.382837;0.000701;9529
34;0.954863217;7.290823942;233.3915393;316.6084607;25;2.41313;0.001208;6753
35;1.945525728;6.297952425;123.4410491;66.55895089;24;2.59241;0.008876;3571
36;0.736688269;7.109574538;48.14420811;141.8557919;1;2.442935;0.000806;3741
37;1.42468466;7.737143062;269.9248098;280.0751902;23;2.343194;0.002149;6336
38;0.505816898;8.046451912;27.91986325;162.0801368;20;2.298445;0.000239;2830
39;1.504668022;8.107311896;6.176805921;183.8231941;12;2.29008;0.002006;4848
40;1.505121546;6.810159914;133.1862299;56.81377008;8;2.495196;0.003957;6347
41;0.97267588;7.575267385;146.5012784;43.49872165;7;2.36735;0.001086;4213
42;1.589416216;8.1858788;39.78677054;150.2132295;7;2.27907;0.002171;6043
43;0.850198128;8.049544473;211.6671583;338.3328417;13;2.298445;0.000663;4103
44;1.526556873;7.04084949;339.612891;210.387109;10;2.454832;0.00358;6627
45;1.083292037;8.30664719;250.5434228;299.4565772;8;2.262851;0.000948;7299
46;0.60725263;7.475934657;269.1638071;280.8361929;1;2.382837;0.000452;9152
47;1.686525777;8.120401113;176.0459254;13.95407457;13;2.288695;0.002535;1327
48;0.90043236;7.635505591;292.4519296;257.5480704;8;2.358203;0.000907;1925
49;0.973004488;8.391833416;11.22814514;178.7718549;9;2.252231;0.000737;1555
50;0.674616279;6.038800171;12.28365295;177.7163471;12;2.646615;0.00123;2696
51;1.949510177;7.83787838;275.247443;274.752557;22;2.328471;0.003858;8181
52;1.036006182;6.042711401;228.58431;321.41569;1;2.646615;0.002964;4319
53;0.642277926;6.400091202;59.47853337;130.5214666;22;2.572442;0.000901;2184
54;0.769237117;7.910444828;164.4296002;25.57039977;3;2.31833;0.000582;5724
55;1.781664148;7.512006121;207.2714953;342.7285047;18;2.378158;0.003788;8348
56;1.94983153;6.655405108;302.9180105;247.0819895;8;2.522633;0.007184;6161
57;1.335032184;6.676914119;103.0929863;86.90701368;24;2.518922;0.003354;9326
58;1.770328705;7.851479974;345.2304575;204.7695425;20;2.327014;0.003163;6554
59;1.423745279;6.091708626;15.91143503;174.088565;10;2.635924;0.005355;509
60;1.567363348;7.321801213;42.1297951;147.8702049;13;2.408269;0.003249;8135
61;0.947559677;6.97983573;200.3821919;349.6178081;25;2.46517;0.001426;9149
62;1.612838094;8.101411498;87.48523808;102.5147619;20;2.291468;0.002322;9565
63;0.869853627;7.16613468;79.39963715;110.6003629;5;2.432877;0.00108;3372
64;1.454712629;7.36104032;111.7993202;78.20067985;2;2.401834;0.002714;1532
65;0.845025819;6.730303122;327.2475038;222.7524962;13;2.509716;0.001312;5749
66;0.747889474;6.239353322;38.01996034;151.9800397;8;2.60462;0.001362;7456
67;0.999052101;7.341052744;259.7406392;290.2593608;11;2.405045;0.001304;5081
68;1.799960501;7.517479601;137.983593;52.01640702;16;2.376605;0.003854;5492
69;1.964578896;7.702371261;172.9021864;17.09781364;14;2.349162;0.004175;8238
70;1.837942774;7.628115566;27.87528205;162.1247179;5;2.35972;0.00381;4306
71;1.326368303;7.87530975;96.30040174;93.69959826;7;2.32266;0.00176;9664
72;0.656318492;6.027359481;298.651798;251.348202;14;2.64877;0.001201;6470
73;1.146231349;7.774261144;250.577306;299.422694;3;2.338747;0.001389;6730
74;1.663805354;8.315506715;88.46080665;101.5391933;8;2.261515;0.002229;6713
75;0.882173604;8.22426108;1.961591258;188.0384087;12;2.274982;0.000656;9407
76;1.697672447;6.644586992;42.30686483;147.6931352;1;2.526361;0.005523;7866
77;1.879886554;7.727561355;336.241798;213.758202;13;2.344681;0.003785;6839
78;0.740435208;6.653981808;320.3115273;229.6884727;9;2.524495;0.00104;7227
79;1.083808542;7.85264409;256.0433463;293.9566537;15;2.327014;0.001178;6947
80;0.582291333;6.056702149;153.8647312;36.13526882;6;2.642323;0.00091;7132
81;0.831419392;7.649178937;267.6615335;282.3384665;15;2.356689;0.000768;6409
82;1.882206059;7.366903681;320.2663241;229.7336759;15;2.400233;0.004539;7139
83;0.900416891;7.605758361;329.4827845;220.5172155;23;2.362763;0.000921;9553
84;1.189358869;6.157122353;138.9017797;51.09822034;4;2.621174;0.003601;2356
85;0.535097162;7.387708896;262.6078601;287.3921399;3;2.397042;0.000371;9724
86;0.977523497;7.59126612;23.49118136;166.5088186;15;2.365818;0.001103;7159
87;1.908265108;6.431821274;318.6959632;231.3040368;16;2.566542;0.007879;4089
88;1.086276608;6.282261527;38.50965201;151.490348;3;2.596461;0.002807;5974
89;1.858330547;7.460402103;191.8428528;358.1571472;11;2.385971;0.004242;3078
90;0.696063588;8.385878256;68.70605927;121.2939407;8;2.252231;0.000384;7155
91;1.079117369;6.873024412;43.06118526;146.9388147;17;2.484473;0.001958;133
92;1.52574062;6.993423663;158.5576313;31.44236868;16;2.463438;0.003678;192
93;0.614747101;6.337812608;296.3904216;253.6095784;17;2.584367;0.000848;9784
94;1.874064493;8.166803185;180.829117;9.170883015;22;2.281807;0.003032;2741
95;1.225490054;6.551138432;275.2234513;274.7765487;11;2.543346;0.003045;4247
96;0.974099127;6.994912009;319.8384897;230.1615103;15;2.463438;0.001479;1620
97;1.274426282;7.205448623;354.9677683;195.0322317;15;2.42624;0.002252;3006
98;0.594534829;6.480253365;108.695053;81.30494703;18;2.556799;0.00073;5954
99;1.192226824;6.81922512;334.2961252;215.7038748;25;2.493399;0.002444;5255
100;1.901314882;6.316747067;306.7029528;243.2970472;18;2.588379;0.008326;5109
101;1.323637654;8.165449409;249.1380663;300.8619337;10;2.281807;0.001511;1910
102;1.104856819;7.794874413;148.7538811;41.24611885;14;2.335797;0.001258;8659
103;1.50343348;7.305448184;183.2302256;6.769774359;10;2.409886;0.002981;1081
104;1.569886063;6.384647606;19.60506602;170.394934;9;2.576398;0.005484;5596
105;1.233903954;7.378164824;138.5889545;51.41104552;16;2.398636;0.001933;8837
106;1.646350811;6.046130889;341.307469;208.692531;22;2.644467;0.007414;6355
107;1.319722499;7.460699962;174.0968382;15.90316182;3;2.385971;0.002137;3055
108;1.637267181;7.777708317;37.53348906;152.4665109;16;2.337271;0.00281;8852
109;1.0648465;8.473118034;128.0350922;61.96490782;8;2.241761;0.000849;3134
110;1.474185402;7.137637318;281.5450958;268.4549042;22;2.43789;0.003132;4879
111;1.251467445;7.080658518;348.9549821;201.0450179;2;2.448013;0.002338;8882
112;1.058254329;7.360592148;143.812795;46.187205;23;2.401834;0.001451;2382
113;1.815399046;8.098155174;176.4773901;13.52260985;12;2.291468;0.002968;9311
114;1.490842728;6.600009783;81.16693036;108.8330696;11;2.533868;0.004341;7717
115;1.289942773;8.467156857;9.238720538;180.7612795;19;2.241761;0.001257;4017
116;1.082807043;6.788922934;98.58074841;91.41925159;4;2.498802;0.002047;8728
117;1.684846408;8.328026065;147.2249899;42.77501008;23;2.260181;0.002272;5548
118;1.939458206;7.898120213;34.66208902;155.337911;13;2.319771;0.003709;1870
119;1.489277346;7.512464249;246.3054524;303.6945476;15;2.378158;0.002654;7609
120;1.260240938;6.125451606;235.552617;314.447383;14;2.627465;0.004113;8154
121;0.639844566;7.090241224;301.2909083;248.7090917;14;2.446317;0.00061;2831
122;1.934573955;8.497551969;164.8472254;25.15277458;10;2.237872;0.002776;3266
123;0.955397032;8.448507346;329.913527;220.086473;25;2.244364;0.000703;1322
124;1.032992359;7.864142931;51.48929946;138.5107005;2;2.32556;0.001066;4126
125;1.551854329;7.238425424;17.21296731;172.7870327;24;2.421299;0.003302;1190
126;0.908745995;6.288495137;241.5838385;308.4161615;12;2.594433;0.001945;4062
127;1.152986452;8.417661583;56.37967663;133.6203234;18;2.248287;0.001022;5345
128;1.708475488;8.432982625;271.0705301;278.9294699;16;2.246977;0.002249;6086
129;1.025566925;7.837853738;64.19108741;125.8089126;14;2.328471;0.001076;5306
130;0.774520722;7.720974934;338.3087583;211.6912417;13;2.346172;0.000638;1230
131;1.011346304;6.043604801;183.8638945;6.136105463;21;2.646615;0.002795;8808
132;0.719417819;6.899471093;262.2691968;287.7308032;23;2.479163;0.000856;2268
133;1.970196063;7.129453169;95.79985584;94.20014416;15;2.439568;0.005655;5435
134;0.715926595;7.179369488;76.39727979;113.6027202;3;2.431212;0.000735;3107
135;1.914233153;8.023608418;262.7087634;287.2912366;20;2.302663;0.003394;4153
136;0.967335572;7.4639086;102.0690457;87.93095426;2;2.385971;0.001154;7062
137;1.784340176;6.26493338;313.6316655;236.3683345;25;2.600531;0.007578;9477
138;0.56918789;6.787322984;177.9305313;12.06946868;6;2.498802;0.00057;8543
139;0.914140871;7.407849997;177.8478411;12.1521589;16;2.393863;0.001042;8352
140;0.85403586;6.06188288;38.14964064;151.8503594;23;2.642323;0.001955;3878
141;0.647163388;7.197092237;102.620067;87.37993304;5;2.427894;0.000593;2035
142;1.912981842;6.959251256;92.96669632;97.03330368;25;2.468646;0.005827;616
143;1.380426982;8.143514051;237.6691698;312.3308302;23;2.285932;0.001674;3640
144;1.223239078;7.565422097;203.2439004;346.7560996;13;2.368885;0.001726;6371
145;1.426564381;6.332312001;70.73240345;119.2675966;15;2.586371;0.004688;8238
146;0.531132983;6.790912558;177.7010485;12.29895152;15;2.498802;0.000493;7159
147;1.30170221;6.700617674;61.01243815;128.9875618;11;2.515227;0.003121;6877
148;1.791636267;7.48098088;76.06899153;113.9310085;22;2.382837;0.003889;7830
149;0.782028189;8.053918268;207.7418324;342.2581676;11;2.298445;0.000558;5292
150;1.204634689;6.097658809;136.9325973;53.06740274;17;2.633801;0.003801;6937
151;0.596137296;7.474117712;333.446825;216.553175;23;2.384402;0.000439;1846
152;1.072382655;6.59036791;239.3386721;310.6613279;7;2.535755;0.002252;4798
153;0.55202365;8.099406797;340.4594362;209.5405638;15;2.291468;0.000271;1461
154;1.139642791;6.374288396;185.8538863;4.146113739;12;2.578383;0.002909;2583
155;1.498992981;6.006924173;330.3785431;219.6214569;22;2.653094;0.006284;9182
156;1.142603099;8.260083916;341.1903459;208.8096541;7;2.269566;0.001081;2045
157;1.001706287;7.355207856;351.7427884;198.2572116;12;2.401834;0.001291;1911
158;1.531905352;8.480711271;168.8933258;21.10667416;1;2.240462;0.001761;629
159;1.416742654;6.982599978;144.0836651;45.91633493;13;2.46517;0.003186;381
160;1.203112008;7.087679633;330.8915973;219.1084027;9;2.446317;0.002144;9500
161;1.580901046;7.716529361;84.69477028;105.3052297;2;2.346172;0.002686;4000
162;1.180829916;6.328696252;149.1798416;40.82015843;24;2.586371;0.003192;7165
163;0.682495341;7.751863015;315.8596215;234.1403785;13;2.341709;0.00049;4283
164;1.203650846;8.28226138;76.86276503;113.137235;9;2.266872;0.001186;623
165;0.818410342;7.795974116;22.26106929;167.7389307;22;2.334326;0.000696;8575
166;0.662600096;8.232401139;333.8288244;216.1711756;15;2.273624;0.000367;9562
167;1.896962659;6.981494079;230.1180607;319.8819393;19;2.46517;0.005704;6977
168;0.944610746;7.119509549;271.5276807;278.4723193;1;2.44125;0.001294;4671
169;1.541491704;6.837539841;306.2134689;243.7865311;17;2.489817;0.004048;117
170;1.909396504;6.427045449;333.7897875;216.2102125;14;2.566542;0.007879;1758
171;1.489948117;7.343387858;289.6290989;260.3709011;23;2.405045;0.002896;3339
172;1.563167836;8.090487156;337.9864389;212.0135611;1;2.292858;0.002191;1633
173;1.759175388;8.42661711;262.5911723;287.4088277;2;2.246977;0.002383;5320
174;0.754844987;7.626196214;10.88996068;179.1100393;1;2.35972;0.000633;6775
175;0.812923777;8.145770442;92.22825662;97.77174338;2;2.284555;0.000574;7900
176;1.416441131;7.393966444;250.1429495;299.8570505;9;2.397042;0.002563;6719
177;0.794038352;6.957611654;169.2542733;20.74572674;15;2.468646;0.000997;8245
178;1.864689067;7.577531816;282.8665337;267.1334663;7;2.36735;0.003992;2101
179;1.293683146;6.551280282;53.50013175;136.4998683;20;2.543346;0.00335;1914
180;1.362213365;7.052181374;206.6807361;343.3192639;11;2.453122;0.002813;2675
181;1.103983857;6.268698137;145.8378627;44.16213729;14;2.598493;0.002876;2323
182;1.037091838;6.762834732;180.872817;9.127182965;18;2.504241;0.001931;5639
183;1.706398015;6.708830873;57.91524399;132.084756;6;2.513386;0.005369;444
184;1.360671794;7.108660938;144.0194333;45.9805667;2;2.442935;0.002724;6814
185;0.644912681;6.385222007;88.87054144;101.1294586;15;2.574418;0.000906;9871
186;0.9689245;8.456840611;146.5440391;43.45596094;4;2.243061;0.000714;5323
187;1.180899917;7.027063201;37.05476533;152.9452347;18;2.456546;0.002141;9169
188;0.912422697;6.946450423;186.7774476;3.222552356;17;2.47039;0.00133;3634
189;1.610313051;6.94171858;324.5067372;225.4932628;20;2.472137;0.004186;6490
190;1.639860693;6.824353738;118.0057185;71.99428147;5;2.493399;0.004642;3836
191;1.853193999;7.899953509;316.6484767;233.3515233;4;2.319771;0.003373;5508
192;1.585542701;8.226687142;255.8186861;294.1813139;19;2.273624;0.002131;7370
193;0.656512987;6.536924747;330.8163369;219.1836631;20;2.545255;0.000882;9900
194;1.166895051;8.487581104;289.1252353;260.8747647;5;2.239166;0.001025;6671
195;0.980731081;7.037935321;74.6162724;115.3837276;16;2.454832;0.001469;3592
196;1.178265059;8.029954612;88.50801393;101.4919861;25;2.301254;0.001289;3788
197;1.625928417;6.566778979;253.3487949;296.6512051;6;2.539542;0.005286;1727
198;0.781698306;8.129110046;40.30744487;149.6925551;5;2.287313;0.000537;7027
199;0.504847959;6.226514775;193.3350223;356.6649777;22;2.606672;0.000609;3146
200;1.935949979;6.406680879;244.3218082;305.6781918;21;2.570471;0.008225;4419
201;1.360702236;8.348849826;191.81913;358.18087;1;2.257522;0.001476;1388
202;1.0313901;7.020591167;186.9818489;3.018151059;4;2.458264;0.00164;6482
203;0.947129247;8.476356821;199.4994751;350.5005249;23;2.240462;0.000679;8541
204;1.906292775;7.49122791;112.7006898;77.29931024;17;2.381274;0.004406;2192
205;1.435206461;6.177756739;87.55343092;102.4465691;23;2.617005;0.005208;9648
206;1.167766194;6.159027845;330.2714826;219.7285174;17;2.621174;0.003481;8805
207;1.946938533;7.774401802;196.3110946;353.6889054;22;2.338747;0.003992;6919
208;1.671616148;6.371946325;236.7943549;313.2056451;15;2.578383;0.006242;4227
209;1.507433569;8.034359436;149.1740591;40.82594088;3;2.301254;0.002111;7749
210;1.869051834;6.444493017;350.1394258;199.8605742;2;2.564584;0.007508;7249
211;0.780181141;6.530628893;154.4676297;35.53237035;17;2.547168;0.001239;986
212;1.852093806;7.315221275;124.4053984;65.59460156;7;2.408269;0.004511;7922
213;0.66734569;7.007906218;347.8087529;202.1912471;19;2.459985;0.000698;3777
214;0.900957625;6.350506545;146.2253024;43.7746976;16;2.582368;0.001835;309
215;1.092080217;7.344028051;206.5548921;343.4451079;23;2.405045;0.00155;7246
216;1.61373515;6.09444157;351.3650665;198.6349335;6;2.635924;0.006884;3901
217;1.782352525;6.712850456;143.5839115;46.41608855;24;2.513386;0.005818;9783
218;1.132464053;6.875842077;57.50710519;132.4928948;25;2.482699;0.002132;2900
219;1.843899713;6.820002772;91.37104228;98.62895772;15;2.493399;0.005843;7138
220;1.183682413;6.195539163;49.33112796;140.668872;15;2.612857;0.003454;2268
221;0.836311355;6.408629377;7.510830574;182.4891694;12;2.570471;0.001542;7093
222;1.677369148;6.198966312;153.944717;36.05528301;19;2.612857;0.007002;549
223;1.557119605;6.965134067;332.5538862;217.4461138;12;2.466906;0.003866;2388
224;0.936645798;8.498931997;144.0151156;45.98488437;17;2.237872;0.000659;5102
225;0.56335617;7.80773839;143.4052936;46.59470642;1;2.332858;0.000323;4785
226;0.724339601;8.157433641;130.2216975;59.77830253;14;2.28318;0.000452;4846
227;1.14243859;6.57692982;259.736885;290.263115;9;2.537646;0.002571;1516
228;1.438535626;7.439224265;127.0044431;62.99555687;14;2.389118;0.002569;6968
229;0.623693165;8.11033842;253.3526557;296.6473443;22;2.29008;0.000343;4158
230;0.931404937;7.875479229;209.7484328;340.2515672;15;2.32266;0.000861;3846
231;1.167758659;6.503834262;94.41341692;95.58658308;19;2.552934;0.002837;7516
232;0.973990792;7.604846397;149.7402465;40.25975348;20;2.364289;0.001075;4699
233;0.630838938;7.528234558;166.5061575;23.49384252;13;2.375055;0.00047;3506
234;0.956012904;8.370100527;105.8604737;84.13952626;4;2.254871;0.000729;6031
235;1.316713163;6.861633377;213.1959303;336.8040697;23;2.48625;0.002941;1250
236;0.545262268;6.940237634;64.88197269;125.1180273;10;2.472137;0.000489;177
237;0.561690068;6.677718973;236.7734744;313.2265256;16;2.518922;0.000586;3105
238;1.002772249;7.094843966;270.0669808;279.9330192;20;2.446317;0.001489;6780
239;1.011354361;7.543459797;243.1928629;306.8071371;22;2.373508;0.001201;6015
240;0.894897262;8.089162043;325.1835626;224.8164374;8;2.292858;0.000713;8078
241;1.957633745;6.002453914;287.764622;262.235378;7;2.655264;0.010797;9529
242;1.291687444;6.609573855;241.3008729;308.6991271;4;2.531985;0.003235;357
243;0.604922423;6.865023466;173.4956796;16.5043204;18;2.484473;0.000604;6262
244;1.441322112;7.415105267;210.6640013;339.3359987;24;2.392278;0.002595;3434
245;1.387287529;8.453465417;73.28810982;116.7118902;10;2.244364;0.001473;6826
246;1.559125381;8.021730429;172.3420646;17.65793545;18;2.302663;0.002264;5127
247;1.809189654;7.228612059;335.92455;214.07545;12;2.422942;0.004527;6846
248;0.789767008;7.420393827;103.4568195;86.54318048;4;2.392278;0.000781;5830
249;1.649883622;6.451070717;132.8210605;57.1789395;4;2.562631;0.005811;7843
250;1.168616088;6.274316238;95.03528072;94.96471928;6;2.598493;0.003254;9958
251;1.562192204;6.446873904;306.642032;243.357968;9;2.562631;0.005194;3477
252;1.739040846;7.422009725;106.8069946;83.19300541;7;2.392278;0.003789;8062
253;0.933267104;7.610166703;134.4800896;55.51991037;4;2.362763;0.000983;9979
254;0.733034744;6.935677436;283.353191;266.646809;9;2.472137;0.000861;9193
255;0.571219598;6.508568152;312.6628341;237.3371659;21;2.551007;0.000669;6769
256;1.299364764;6.886427411;51.15709422;138.8429058;16;2.480929;0.002806;474
257;0.728138751;7.120352878;273.1370115;276.8629885;11;2.44125;0.000781;2750
258;0.557906425;7.776382636;43.52887435;146.4711257;11;2.337271;0.000328;9502
259;1.763343142;6.057788442;31.59384529;158.4061547;18;2.642323;0.008383;6491
260;0.694542686;7.876554345;220.1696175;329.8303825;23;2.32266;0.000474;1126
261;1.843980129;6.663490425;122.4113833;67.58861669;11;2.522633;0.006396;4496
262;1.650208439;6.394633856;182.9458769;7.054123063;24;2.574418;0.006021;9932
263;1.29704145;7.869177232;32.39432541;157.6056746;5;2.324108;0.00169;9338
264;0.917483073;6.564353084;287.916553;262.083447;18;2.541442;0.001694;5111
265;1.697800085;6.957984713;147.7046682;42.29533179;8;2.468646;0.004616;3742
266;1.9737071;6.8554323;42.34141462;147.6585854;1;2.48625;0.006551;4023
267;1.261140646;7.73963805;110.1352845;79.86471551;24;2.343194;0.001692;9664
268;1.403116285;7.329877519;232.2068336;317.7931664;21;2.406655;0.00257;5130
269;1.747556492;6.855640343;93.58788357;96.41211643;2;2.48625;0.005169;4500
270;1.16549066;8.140503164;269.9337644;280.0662356;13;2.285932;0.001204;5303
271;0.620626766;6.36464569;225.4564414;324.5435586;23;2.580373;0.000866;1973
272;1.691125163;6.230981067;147.6971387;42.30286135;11;2.606672;0.006957;4552
273;0.75926585;7.366442349;344.8111193;205.1888807;3;2.400233;0.000742;4539
274;0.750427253;7.599868448;7.935239133;182.0647609;13;2.364289;0.000643;7593
275;1.280566533;6.105335945;213.125004;336.874996;13;2.631684;0.004297;8231
276;1.390648686;7.868744843;63.81566196;126.184338;20;2.324108;0.001932;878
277;1.248330018;6.305129236;298.4059991;251.5940009;12;2.590392;0.003625;2323
278;0.923000257;6.967177323;306.4923919;243.5076081;12;2.466906;0.001345;7302
279;0.848356171;6.777921464;122.9580315;67.04196847;24;2.500611;0.001275;5676
280;0.839942145;6.151838036;294.1414636;255.8585364;6;2.623266;0.001805;9527
281;0.511597149;6.736465656;79.66728092;110.3327191;21;2.507887;0.00047;7731
282;1.183716474;6.853099511;35.94687995;154.05312;18;2.488032;0.002363;6486
283;0.908466513;6.692751141;294.9546584;255.0453416;9;2.517073;0.001538;5546
284;1.841632772;7.599609648;149.2097377;40.79026232;21;2.364289;0.003867;9027
285;1.08780342;6.988470187;282.2036143;267.7963857;11;2.463438;0.001867;2366
286;0.83999154;7.256561775;209.9209774;340.0790226;13;2.418021;0.00096;3370
287;1.604405545;7.016516621;206.2981286;343.7018714;3;2.458264;0.003958;5168
288;1.412624732;7.798802504;56.82039808;133.1796019;1;2.334326;0.002057;6484
289;1.859580917;8.347895375;211.2908869;338.7091131;17;2.257522;0.00276;9647
290;1.477237613;8.437292233;26.20599017;163.7940098;23;2.245669;0.001677;4861
291;1.839174966;7.705743872;283.0362187;266.9637813;16;2.347666;0.003661;2768
292;1.14432924;8.105608563;8.759492526;181.2405075;18;2.29008;0.001159;1495
293;1.527528703;6.056737017;257.3383284;292.6616716;1;2.642323;0.006335;2812
294;1.82704904;6.265998137;276.0308381;273.9691619;24;2.598493;0.007961;2462
295;1.300379885;7.032047051;74.47642681;115.5235732;17;2.456546;0.002599;8323
296;0.556094605;7.127096576;157.6931634;32.30683659;19;2.439568;0.000457;2038
297;1.050727083;7.183660032;181.0843328;8.915667206;21;2.431212;0.001564;708
298;1.528830338;7.858477926;241.2822098;308.7177902;16;2.32556;0.002352;1575
299;1.670006884;8.020011241;21.41361;168.58639;17;2.302663;0.002595;5598
300;0.96267559;6.70048944;35.0663645;154.9336355;25;2.515227;0.001702;5112
301;1.570453742;6.918853831;321.9829835;228.0170165;25;2.475642;0.004025;6008
302;0.607407827;8.29110549;344.4793038;205.5206962;11;2.265529;0.000305;7822
303;1.813000897;6.043862504;18.11043216;171.8895678;20;2.646615;0.008978;5293
304;0.926466547;7.633450211;224.3561066;325.6438934;7;2.35972;0.000973;9119
305;1.298333881;6.424004141;226.3048691;323.6951309;16;2.568504;0.003672;7324
306;1.287643589;7.489342148;52.51051792;137.4894821;15;2.381274;0.00201;919
307;1.471493901;7.377517722;113.991166;76.008834;22;2.398636;0.002761;5027
308;0.875580557;7.440812147;194.3062677;355.6937323;13;2.389118;0.000959;7962
309;1.201536205;6.713153508;75.44752461;114.5524754;12;2.513386;0.002644;2763
310;0.553406205;7.758783292;219.3937903;330.6062097;10;2.340226;0.000319;5465
311;0.666870188;8.007997337;189.2179897;0.782010337;19;2.304074;0.00042;5458
312;1.005758651;7.966365936;354.5730844;195.4269156;23;2.309744;0.000972;7165
313;1.756586541;7.637854545;206.3869691;343.6130309;25;2.358203;0.003468;7698
314;1.817558494;6.189177227;118.3502822;71.64971783;23;2.614929;0.008268;4860
315;1.57900387;8.15186653;326.481819;223.518181;14;2.284555;0.002185;2319
316;1.906211482;6.065282864;359.5017543;190.4982457;6;2.640185;0.009811;9188
317;0.793859421;7.886808315;44.4267184;145.5732816;13;2.321214;0.000618;2678
318;1.864614877;8.25548076;221.4388755;328.5611245;12;2.269566;0.002877;663
319;0.662026083;7.477136909;335.3443563;214.6556437;18;2.382837;0.000529;1523
320;0.776301937;7.070054219;260.2255607;289.7744393;13;2.449712;0.000915;3419
321;1.55644063;6.933486136;322.8880284;227.1119716;7;2.473888;0.003952;9509
322;1.325451479;7.519940438;74.88171684;115.1182832;24;2.376605;0.002104;646
323;1.506314837;7.997026864;199.1930618;350.8069382;15;2.305488;0.002142;1726
324;0.730012138;8.047703096;112.0413959;77.95860415;1;2.298445;0.000489;7931
325;1.774970747;6.453676458;323.5219015;226.4780985;16;2.562631;0.006687;5472
326;0.813169196;6.601191406;54.6751246;135.3248754;10;2.533868;0.001283;7360
327;1.472850399;6.508723514;19.29270007;170.7072999;23;2.551007;0.004452;8050
328;0.910001433;6.154212216;63.96260177;126.0373982;5;2.623266;0.002119;5708
329;1.52412825;8.150244585;342.7012678;207.2987322;2;2.284555;0.002022;577
330;0.719708268;6.374436562;25.0361536;164.9638464;21;2.578383;0.00116;9956
331;0.773750567;6.443727354;174.6301762;15.36982384;3;2.564584;0.001273;7731
332;1.032475918;6.943778852;9.304585695;180.6954143;18;2.472137;0.001713;3230
333;1.289636828;7.310924554;336.3789116;213.6210884;8;2.409886;0.002205;7405
334;1.001947476;7.006853581;54.86537805;135.1346219;14;2.459985;0.001554;7817
335;1.482812151;7.354979226;320.2654452;229.7345548;18;2.403438;0.002842;9967
336;1.432257932;7.726613852;76.97919006;113.0208099;21;2.344681;0.00219;9418
337;1.944367562;7.188833566;48.85323524;141.1467648;3;2.429551;0.005311;8464
338;1.197286853;6.015643365;33.76535444;156.2346456;19;2.650929;0.003996;6769
339;1.30931493;6.258129653;333.2171579;216.7828421;4;2.600531;0.004104;9709
340;0.994723609;7.584857063;3.174637816;186.8253622;18;2.36735;0.001131;2928
341;1.286803399;6.060665749;110.7924607;79.20753929;11;2.642323;0.004503;1790
342;0.572575555;6.367958468;291.7445862;258.2554138;5;2.578383;0.000727;3777
343;1.494293152;7.334948659;145.3040989;44.69590108;19;2.406655;0.002911;8697
344;1.968634635;7.6371793;252.1624137;297.8375863;18;2.358203;0.004345;9302
345;0.864032978;7.507464683;267.0001415;282.9998585;5;2.378158;0.000884;5774
346;1.133232717;6.622482235;167.8400273;22.15997266;5;2.530106;0.002468;9108
347;1.334598858;6.728118494;222.925136;327.074864;2;2.509716;0.003211;2415
348;0.505123643;6.024711206;211.2151824;338.7848176;15;2.650929;0.000722;5114
349;1.872636771;6.387116591;198.3827642;351.6172358;7;2.574418;0.007734;6138
350;1.681852094;6.359272778;308.1987383;241.8012617;22;2.580373;0.006355;8980
351;1.054467797;6.014162386;93.53473013;96.46526987;21;2.653094;0.003079;4977
352;1.431456301;6.689342981;7.682595066;182.3174049;17;2.517073;0.003798;7799
353;1.900428039;8.07292377;133.9102352;56.08976476;12;2.295647;0.00328;4707
354;1.912875256;6.419299998;202.1813907;347.8186093;2;2.568504;0.007926;8344
355;0.667087292;7.841213022;136.6196054;53.38039462;17;2.328471;0.000455;7666
356;0.983395845;6.563036468;130.4030355;59.59696449;21;2.541442;0.001922;2082
357;1.391530489;8.461808904;126.0568407;63.94315929;20;2.243061;0.001466;8351
358;0.741956035;6.800660018;183.0516722;6.948327773;9;2.496997;0.000956;4992
359;0.850031962;6.352657538;248.9620365;301.0379635;18;2.582368;0.001637;1936
360;1.877101714;7.90278873;160.8548582;29.14514177;5;2.319771;0.003483;294
361;1.227434047;8.180610205;215.495199;334.504801;9;2.280437;0.001306;6405
362;0.97390892;6.924408749;45.82375584;144.1762442;20;2.475642;0.001536;2097
363;1.087064343;8.346287973;334.1365962;215.8634038;14;2.257522;0.000948;4867
364;1.344426498;7.89170917;349.1390901;200.8609099;3;2.321214;0.001778;2243
365;0.868099281;7.665481557;231.9113656;318.0886344;10;2.353669;0.000835;169
366;1.200428248;7.131312588;94.75404243;95.24595757;1;2.439568;0.002098;4695
367;1.121991436;6.532710669;111.2671383;78.73286165;6;2.547168;0.002555;1943
368;1.51713072;8.029601251;56.23114546;133.7688545;12;2.301254;0.00214;2530
369;1.013376297;6.874302091;267.781935;282.218065;1;2.484473;0.001712;1978
370;1.671774573;6.069291285;51.35741252;138.6425875;1;2.640185;0.0075;8277
371;1.957420646;7.323233332;297.4452891;252.5547109;18;2.408269;0.005064;6967
372;1.077844091;6.727011482;187.799523;2.200476978;21;2.509716;0.002118;3522
373;1.452969797;7.035060803;70.61636645;119.3836336;5;2.454832;0.003215;2612
374;0.836868107;7.286703127;230.3561446;319.6438554;2;2.41313;0.000945;322
375;0.545594808;7.770913275;211.9060576;338.0939424;23;2.338747;0.000318;3640
376;0.530976343;8.242197823;27.44696005;162.5530399;19;2.272269;0.000236;9513
377;1.058497444;7.20109442;339.7002834;210.2997166;25;2.427894;0.001577;7761
378;0.740855618;7.451997029;147.0189388;42.98106117;18;2.387543;0.000675;6844
379;0.834646277;8.49106797;189.9511443;0.048855709;4;2.239166;0.000516;2679
380;1.750217124;7.160629612;288.1031944;261.8968056;20;2.434544;0.004391;5354
381;1.180335293;6.683506277;60.270909;129.729091;17;2.518922;0.002601;1142
382;1.478692845;6.34020999;134.5201125;55.47988752;16;2.584367;0.004991;8525
383;1.826705224;8.17420678;200.6976591;349.3023409;14;2.281807;0.002903;4256
384;1.043969752;6.858083291;107.723101;82.27689896;2;2.48625;0.001826;3904
385;1.289026564;7.72184609;175.382298;14.61770199;11;2.346172;0.001791;3754
386;0.589182796;8.059474262;120.7407662;69.25923377;24;2.297045;0.000318;9916
387;1.672434211;6.816937814;237.1998779;312.8001221;16;2.493399;0.004813;1873
388;1.414864395;8.061314301;164.4964985;25.50350149;7;2.297045;0.001815;6869
389;1.377693096;6.818659781;11.15067498;178.849325;12;2.493399;0.003287;5482
390;1.083043727;8.358924411;359.6249969;190.3750031;24;2.256195;0.000926;8553
391;1.257304297;7.458974712;290.075814;259.924186;25;2.385971;0.001947;8263
392;1.55847836;6.36586938;188.448136;1.551864034;21;2.578383;0.005447;3053
393;1.853941194;6.116074754;115.2597595;74.74024054;12;2.629572;0.008921;847
394;1.183334654;6.043139949;101.1999128;88.80008721;17;2.646615;0.003816;2074
395;0.812670541;8.254853664;294.2479028;255.7520972;3;2.270916;0.000548;5916
396;1.418732281;6.718539743;255.9819712;294.0180288;1;2.511549;0.003682;5997
397;1.439405502;7.640447111;292.5448616;257.4551384;13;2.358203;0.002322;2539
398;1.908338584;7.069011217;189.7998601;0.200139902;8;2.449712;0.005489;7640
399;1.463970812;7.508314314;211.2675711;338.7324289;19;2.378158;0.002548;8994
400;1.729131538;8.329592062;22.40314319;167.5968568;17;2.260181;0.00241;1769
401;1.529152899;8.456975132;58.01129183;131.9887082;7;2.243061;0.001777;2914
402;0.833720623;7.775476181;169.3563739;20.64362613;13;2.337271;0.00072;5969
403;1.506848311;8.135830379;148.1661215;41.83387847;14;2.285932;0.002005;987
404;1.130413738;7.647803862;196.8251941;353.1748059;14;2.356689;0.001423;233
405;0.994800257;8.274178008;235.7282159;314.2717841;15;2.268218;0.000811;7788
406;1.901152827;8.136707074;109.538751;80.46124896;11;2.285932;0.003174;5366
407;0.826024614;6.724448179;112.4885951;77.51140487;9;2.511549;0.001258;6951
408;1.786201399;7.113993577;13.37064939;176.6293506;17;2.442935;0.004719;6548
409;0.604019753;8.370371188;226.0913991;323.9086009;12;2.254871;0.000285;5113
410;1.949326552;7.329715424;245.9227585;304.0772415;13;2.406655;0.004986;2188
411;0.798100293;7.578350162;185.7754263;4.224573733;12;2.36735;0.000738;6658
412;0.98456171;6.003666555;291.3621985;258.6378015;10;2.655264;0.002699;6093
413;1.466691301;7.37968146;266.6419559;283.3580441;25;2.398636;0.002761;893
414;0.700365031;8.176319721;317.3453548;232.6546452;5;2.280437;0.000423;8417
415;0.83836038;7.963574015;30.94098233;159.0590177;21;2.311169;0.000676;5444
416;1.852622268;6.60116645;262.371292;287.628708;22;2.533868;0.006693;7889
417;0.882765699;7.819750339;244.3680679;305.6319321;2;2.331393;0.000793;4460
418;1.371364572;7.173456286;205.4863905;344.5136095;15;2.432877;0.002677;4249
419;1.612239945;7.947399486;310.2440124;239.7559876;24;2.312596;0.002494;7005
420;0.934623687;6.647165538;50.93605871;139.0639413;16;2.524495;0.001643;9643
421;1.775033598;7.503284518;164.4276856;25.57231444;23;2.379715;0.003807;2690
422;1.501277203;6.974880138;135.8306618;54.16933821;9;2.466906;0.003574;3958
423;0.928026738;8.013339687;109.7118746;80.28812539;22;2.304074;0.000809;6872
424;1.97346059;7.0193479;82.59526061;107.4047394;10;2.458264;0.006;416
425;1.11881025;7.337042871;194.2785458;355.7214542;14;2.405045;0.001636;3718
426;1.942714479;7.833167978;24.13930485;165.8606952;25;2.32993;0.003837;8734
427;1.068152854;6.527600427;38.40412697;151.595873;18;2.547168;0.002332;3242
428;1.917514495;7.300492623;71.58235684;118.4176432;12;2.411507;0.00491;581
429;1.218268725;6.270598115;49.77067055;140.2293294;17;2.598493;0.003538;8641
430;1.464589944;6.349979628;272.3945691;277.6054309;7;2.582368;0.004828;8873
431;0.914931928;7.939397131;76.88008042;113.1199196;2;2.314025;0.000801;8917
432;0.742337602;7.219140396;20.42368734;169.5763127;7;2.424589;0.000761;6636
433;1.207554915;8.068338914;174.3791227;15.62087733;16;2.295647;0.00133;501
434;1.827207684;7.72934142;109.3535641;80.64643587;10;2.344681;0.003586;4948
435;1.420518686;8.032390413;354.0724398;195.9275602;13;2.301254;0.001867;197
436;0.627605126;6.481156921;16.52263355;173.4773664;25;2.556799;0.000832;9651
437;1.065276482;7.243034721;71.39859121;118.6014088;13;2.421299;0.001574;8758
438;1.737540342;8.408633814;121.8835471;68.11645295;22;2.249599;0.00235;4078
439;1.10326121;6.305205097;212.1530808;337.8469192;11;2.590392;0.002808;1514
440;0.953127647;8.045252596;287.9966351;262.0033649;24;2.298445;0.000828;8108
441;0.990242086;7.346885051;334.2291466;215.7708534;1;2.403438;0.001272;3944
442;1.721301872;7.974531477;85.99021966;104.0097803;16;2.309744;0.002819;9677
443;1.399630178;7.405706447;300.0963769;249.9036231;15;2.393863;0.002466;241
444;1.162351271;8.306083059;335.0258286;214.9741714;16;2.262851;0.001093;2006
445;1.375041403;7.365022852;84.54830236;105.4516976;2;2.400233;0.002446;9216
446;0.896768662;6.094126004;109.0703934;80.92960658;19;2.635924;0.002151;9541
447;0.794589012;7.880393107;219.3094419;330.6905581;25;2.32266;0.000621;5044
448;1.782660611;6.876037249;5.877719335;184.1222807;10;2.482699;0.005289;5851
449;1.231386049;6.007524326;323.3697606;226.6302394;20;2.653094;0.004225;8268
450;1.777018915;8.249936678;272.4468955;277.5531045;2;2.270916;0.002647;53
451;1.939899526;6.587226318;10.62217093;179.3778291;19;2.535755;0.007402;1935
452;0.510294478;6.724413384;279.250995;270.749005;14;2.511549;0.000475;9278
453;0.916388862;8.226674656;103.4397218;86.56027821;14;2.273624;0.000714;5181
454;0.68064573;6.780261887;200.6733967;349.3266033;23;2.500611;0.000816;7192
455;1.389440828;6.572732091;52.80552791;137.1944721;10;2.539542;0.003844;5688
456;0.562872911;7.288452753;17.40331552;172.5966845;9;2.41313;0.00042;497
457;1.363002624;7.814828904;89.90096662;100.0990334;20;2.332858;0.001904;7722
458;1.200860955;6.546593648;338.4504141;211.5495859;8;2.543346;0.002899;8656
459;1.281828312;7.234397919;160.1128574;29.88714261;25;2.422942;0.002264;575
460;0.568846184;8.355573137;31.8198649;158.1801351;19;2.256195;0.000258;1454
461;0.991236026;8.428376692;319.7519083;230.2480917;21;2.246977;0.000754;8446
462;1.570940881;7.975301598;119.0615381;70.9384619;20;2.308323;0.002338;7937
463;0.919072864;8.441270179;339.9877785;210.0122215;18;2.245669;0.000648;1327
464;1.538141733;8.17848595;21.94632077;168.0536792;2;2.280437;0.002047;7892
465;1.109643461;6.032091091;13.72139867;176.2786013;7;2.64877;0.003398;7236
466;1.094710754;7.399140423;299.8358223;250.1641777;25;2.39545;0.001502;5061
467;1.2877201;7.64836447;14.71815616;175.2818438;17;2.356689;0.001854;8779
468;0.836703076;7.160480106;207.9641759;342.0358241;12;2.434544;0.001012;2535
469;1.520736426;7.317056431;287.5238258;262.4761742;3;2.408269;0.003045;8684
470;1.27201268;7.86083989;319.7041883;230.2958117;8;2.32556;0.001621;5481
471;1.814566181;7.176745489;145.3854583;44.61454165;21;2.431212;0.004648;8846
472;1.159025765;7.586992347;310.3767281;239.6232719;13;2.365818;0.001545;5247
473;0.625033443;8.41012644;32.79210557;157.2078944;9;2.249599;0.000308;7347
474;1.085638687;7.086483283;76.75587322;113.2441268;17;2.446317;0.001769;5901
475;1.28473277;6.823734754;7.557996904;182.4420031;10;2.493399;0.002828;7913
476;0.702958296;6.484673385;291.7518732;258.2481268;6;2.556799;0.001028;8838
477;0.96007788;7.398968076;264.0120767;285.9879233;6;2.39545;0.001165;7362
478;1.895941807;6.895221481;43.96787549;146.0321245;16;2.479163;0.00596;9699
479;0.950321703;8.264785231;103.9172644;86.08273565;1;2.269566;0.00075;4489
480;0.733825202;8.146544804;132.1179859;57.88201409;8;2.284555;0.000466;4630
481;1.173647521;7.292535301;205.0597622;344.9402378;18;2.41313;0.001833;8851
482;0.922660126;8.494801434;42.34037477;147.6596252;18;2.239166;0.000634;3715
483;0.990169353;8.060494404;213.3880724;336.6119276;7;2.297045;0.000895;5816
484;0.806151641;7.093960292;332.2724197;217.7275803;15;2.446317;0.000977;2174
485;0.577791831;6.337363785;292.1247995;257.8752005;7;2.584367;0.000767;2129
486;0.586573847;6.540559775;49.40801107;140.5919889;17;2.545255;0.000705;7860
487;1.330587823;7.698739223;27.67763158;162.3223684;7;2.349162;0.001922;9352
488;0.907082192;6.201870253;192.364436;357.635564;13;2.612857;0.002054;4519
489;0.987762392;6.103348163;291.8238486;258.1761514;25;2.633801;0.002587;4481
490;1.859160288;6.165785915;211.938563;338.061437;18;2.619087;0.008743;3224
491;0.561310663;7.833038763;18.27589062;171.7241094;21;2.32993;0.00032;3387
492;1.973539014;7.167774447;350.0220755;199.9779245;13;2.432877;0.005535;1169
493;1.654210467;7.809292829;172.9981459;17.00185406;20;2.332858;0.002803;8172
494;1.463604759;7.478295316;137.9601992;52.03980079;19;2.382837;0.002587;7467
495;1.260460148;8.439436513;305.6877922;244.3122078;1;2.245669;0.001216;3761
496;0.935449704;7.645486333;72.05020966;117.9497903;15;2.356689;0.000984;9547
497;1.340716655;6.175987265;90.74588417;99.25411583;16;2.617005;0.00451;5599
498;1.220673241;7.868519475;178.5386029;11.46139715;4;2.324108;0.001488;8123
499;1.126143494;7.425682298;194.8594793;355.1405207;18;2.390697;0.00159;3605
500;1.607781458;7.59881457;36.8963427;153.1036573;18;2.364289;0.002961;7231
501;0.765702223;7.696195919;338.3198594;211.6801406;8;2.349162;0.000644;9833
502;1.204771325;8.382717875;166.2365654;23.7634346;8;2.25355;0.001133;8701
503;0.741464139;7.08578175;88.99338407;101.0066159;8;2.446317;0.000815;544
504;1.825577519;7.061530846;355.475174;194.524826;21;2.451415;0.005066;3528
505;0.537410479;8.060415791;175.7679872;14.23201278;23;2.297045;0.000266;1062
506;0.803412067;7.627683011;74.78910472;115.2108953;23;2.35972;0.00072;5309
507;1.765371135;8.466974009;55.44355241;134.5564476;14;2.241761;0.002367;6564
508;1.814281616;6.088642335;306.8318948;243.1681052;10;2.635924;0.008701;4233
509;0.700917595;6.759945215;224.6133461;325.3866539;7;2.504241;0.000875;7523
510;0.596913189;8.111272608;318.418294;231.581706;17;2.29008;0.000321;3872
511;0.547736745;6.150308254;29.81484132;160.1851587;11;2.623266;0.000774;7173
512;1.52160422;6.127629774;224.7814172;325.2185828;3;2.627465;0.005985;8329
513;0.510849714;6.409652833;25.47179495;164.5282051;25;2.570471;0.000568;9807
514;0.820353063;6.164511495;191.101706;358.898294;20;2.621174;0.00171;9018
515;1.443855376;8.238447288;145.149726;44.850274;14;2.272269;0.00174;4980
516;1.222797601;6.771030856;120.7464059;69.25359415;4;2.502424;0.002642;7361
517;1.352054172;7.89477103;312.5695337;237.4304663;23;2.321214;0.001805;6743
518;1.902930006;6.067996953;56.3875759;133.6124241;4;2.640185;0.009708;4100
519;1.831869657;7.600214762;156.7922914;33.20770862;7;2.364289;0.003826;4455
520;1.993853525;6.160589256;67.78069065;122.2193094;12;2.621174;0.01007;5670
521;1.970908598;6.389637766;332.811994;217.188006;1;2.574418;0.008583;9580
522;1.757911753;6.461085525;232.8902244;317.1097756;2;2.560683;0.006572;4068
523;1.330653062;8.328574287;356.3838143;193.6161857;25;2.260181;0.001424;4181
524;1.595771252;6.116962882;93.18783988;96.81216012;5;2.629572;0.006673;6380
525;0.505214161;8.18914378;166.9344268;23.06557317;3;2.27907;0.000223;3054
526;1.671190391;7.79658049;233.9603132;316.0396868;1;2.334326;0.002885;2066
527;1.486247129;7.678330805;268.2325312;281.7674688;11;2.352164;0.002437;5593
528;1.746848801;7.352915609;196.2252691;353.7747309;10;2.403438;0.003974;2316
529;1.364308694;8.153276343;175.9800396;14.01996041;19;2.284555;0.001619;4215
530;1.971108951;6.43459586;124.1654646;65.83453544;14;2.566542;0.008382;2608
531;1.529238522;6.229318019;2.829566143;187.1704339;20;2.606672;0.005702;2805
532;1.25134005;7.137121077;158.5004048;31.49959516;9;2.43789;0.002264;4112
533;1.538019882;8.037596949;267.330035;282.669965;9;2.299849;0.002186;6763
534;0.520276066;7.543150754;213.1936802;336.8063198;21;2.373508;0.000318;7141
535;0.927990349;6.18237773;207.8543614;342.1456386;25;2.617005;0.002172;1874
536;0.653822388;7.743791292;223.0379823;326.9620177;11;2.343194;0.00045;1401
537;0.916945562;6.196262309;89.71146635;100.2885337;1;2.612857;0.0021;3022
538;0.960137572;7.9405725;150.5764403;39.42355966;10;2.314025;0.000891;9989
539;1.552595408;8.357570147;14.66578883;175.3342112;6;2.256195;0.001908;8094
540;1.863485638;6.723087315;270.0472667;279.9527333;12;2.511549;0.006317;7520
541;1.876899115;7.171312778;116.7095225;73.29047755;25;2.432877;0.005041;5754
542;1.169688463;6.929832991;62.50786346;127.4921365;25;2.473888;0.002223;1362
543;1.714296449;8.339012305;228.1612236;321.8387764;14;2.25885;0.002343;7364
544;0.523279572;7.719883115;358.6627476;191.3372524;23;2.346172;0.000291;6657
545;1.587956287;8.246396976;274.8372933;275.1627067;6;2.270916;0.002112;1939
546;1.885779706;6.129374496;181.5719058;8.428094212;5;2.627465;0.009253;1669
547;1.896845501;7.371711604;347.6771962;202.3228038;6;2.400233;0.004636;1437
548;0.937555413;6.145554341;280.7882593;269.2117407;21;2.623266;0.002261;8166
549;1.483138344;6.081494626;193.0739972;356.9260028;24;2.638052;0.005854;2692
550;1.93875921;7.609003064;248.423634;301.576366;17;2.362763;0.004278;9731
551;1.365124953;7.896138042;25.88711664;164.1128834;25;2.319771;0.00185;1454
552;0.836898698;7.975833682;320.4153668;229.5846332;17;2.308323;0.000669;5209
553;1.557159686;6.668165122;123.3548327;66.64516727;8;2.520776;0.004571;3577
554;1.211790504;6.378747291;140.7191822;49.28081782;21;2.576398;0.003257;2448
555;1.354576486;6.610721226;158.696674;31.30332605;6;2.531985;0.003543;9002
556;0.640692378;7.463531589;244.6740774;305.3259226;24;2.385971;0.000502;9083
557;1.600284366;7.256843652;355.9803474;194.0196526;16;2.418021;0.003482;4407
558;1.855891513;6.611514737;349.198648;200.801352;18;2.531985;0.006726;5929
559;1.749034587;7.862444834;197.904565;352.095435;25;2.32556;0.003077;8994
560;1.976724398;6.428527271;211.9025725;338.0974275;16;2.566542;0.008467;1634
561;1.958489364;6.009020663;135.804293;54.19570696;10;2.653094;0.010729;4402
562;1.870224473;6.853981788;343.6758818;206.3241182;10;2.488032;0.005935;4986
563;0.599512235;7.926611131;261.5505752;288.4494248;5;2.315458;0.00035;1345
564;1.312752858;6.872491282;108.2224013;81.77759871;22;2.484473;0.002881;2677
565;0.830823254;8.070781428;236.7774063;313.2225937;12;2.295647;0.000626;4349
566;1.187453616;7.393561294;276.8542503;273.1457497;23;2.397042;0.0018;7535
567;1.098684633;7.530614189;255.4832006;294.5167994;4;2.375055;0.001432;321
568;1.489470059;7.176226322;162.7064681;27.29353191;7;2.431212;0.00315;7800
569;1.199695931;6.162840266;95.60015948;94.39984052;10;2.621174;0.003662;6064
570;1.561950388;6.543462371;121.1248137;68.87518625;6;2.545255;0.004927;7070
571;0.965388879;7.903941217;75.61288893;114.3871111;15;2.319771;0.000927;4483
572;0.763240975;8.271377236;23.54439478;166.4556052;3;2.268218;0.000478;1769
573;1.328905862;6.887270988;284.5797653;265.4202347;4;2.480929;0.002936;9822
574;1.744251234;6.26241518;149.8717889;40.12821114;12;2.600531;0.007241;50
575;1.422378748;7.009562605;297.4923324;252.5076676;16;2.459985;0.003134;3314
576;0.974100508;7.334922868;242.3928445;307.6071555;21;2.406655;0.001234;9922
577;1.04180283;6.547676984;317.4509325;232.5490675;2;2.543346;0.002177;7641
578;0.974933071;6.64637258;59.28504627;130.7149537;21;2.524495;0.001788;3565
579;1.179458966;7.812863416;199.6805907;350.3194093;13;2.332858;0.001434;4589
580;1.417613942;8.075198862;210.1831945;339.8168055;20;2.294251;0.001824;262
581;0.660292167;7.400550994;168.3219978;21.67800217;7;2.39545;0.000551;1461
582;1.082270761;6.996521967;65.44519858;124.5548014;9;2.46171;0.001823;1368
583;1.662512792;6.695226675;209.291374;340.708626;14;2.515227;0.005089;6573
584;0.984191799;7.063022431;80.89392114;109.1060789;3;2.451415;0.001453;5126
585;0.998913152;6.973530891;154.6575599;35.3424401;12;2.466906;0.001589;4718
586;1.114360501;7.075709427;261.1798489;288.8201511;1;2.448013;0.001844;6319
587;1.743929636;7.179615924;62.24465199;127.755348;12;2.431212;0.004295;4158
588;1.203864422;6.577866821;243.1028086;306.8971914;11;2.537646;0.002849;6288
589;0.660018749;7.324194993;334.7505326;215.2494674;8;2.408269;0.000574;1205
590;1.685365288;7.50237516;346.665402;203.334598;14;2.379715;0.003432;7397
591;1.950189627;6.843357436;139.5049123;50.49508774;9;2.489817;0.00649;410
592;1.217663814;6.388110208;172.4565491;17.54345094;11;2.574418;0.003292;9831
593;0.857705722;8.423013606;290.6728346;259.3271654;14;2.248287;0.000572;7406
594;1.926167913;6.182109125;154.6738063;35.3261937;3;2.617005;0.009355;2462
595;0.539191685;6.778675934;109.8200443;80.17995569;1;2.500611;0.000515;9961
596;1.729748101;7.002169167;6.818227819;183.1817722;22;2.46171;0.004677;7278
597;0.98166692;6.462500397;191.1895166;358.8104834;20;2.560683;0.002038;103
598;0.735200746;7.123762141;142.4897745;47.51022551;3;2.44125;0.000802;4455
599;1.972522188;6.969594035;181.6720082;8.327991806;9;2.466906;0.006165;1432
600;1.019844034;8.060142763;265.1728957;284.8271043;15;2.297045;0.00095;2212
601;0.601805335;8.465915434;135.3415235;54.65847646;21;2.241761;0.000272;7886
602;1.221957758;8.499997917;16.52835086;173.4716491;25;2.237872;0.001109;5784
603;1.179673591;7.929246759;104.7920308;85.20796923;17;2.315458;0.001353;4038
604;0.874861087;7.362598277;152.9927721;37.00722788;6;2.401834;0.000977;5859
605;1.73785776;6.354330655;75.15090809;114.8490919;15;2.582368;0.006858;3679
606;1.856035162;7.43300221;354.0321239;195.9678761;7;2.390697;0.004308;8286
607;1.685767809;6.005956718;110.6726892;79.32731081;6;2.653094;0.007977;5231
608;1.098665621;6.353736295;217.8718577;332.1281423;15;2.582368;0.002741;5267
609;0.842444412;6.070910577;133.3227228;56.67727716;18;2.640185;0.001898;4766
610;1.523777173;7.577634282;166.0411516;23.95884836;6;2.36735;0.002666;4341
611;1.386316017;7.104371861;193.2508836;356.7491164;5;2.444624;0.002861;4614
612;1.738336897;6.737360691;195.8581894;354.1418106;25;2.507887;0.005466;902
613;1.684126927;8.309730364;36.58345622;153.4165438;15;2.262851;0.002293;7753
614;0.654214728;7.667315511;101.7914785;88.20852147;6;2.353669;0.000466;1771
615;1.804612659;8.014120669;118.5623945;71.4376055;2;2.304074;0.003029;8365
616;0.754150648;7.625410624;173.2710315;16.72896853;20;2.35972;0.000633;3346
617;1.479567162;6.259513076;186.6857416;3.314258363;16;2.600531;0.005239;4997
618;1.828358215;6.223255561;234.7532958;315.2467042;9;2.608729;0.008207;1683
619;0.923896881;6.23041059;17.26343643;172.7365636;18;2.606672;0.002062;4795
620;0.800355516;6.966149847;101.7180811;88.28191885;21;2.466906;0.001017;8501
621;1.061674878;8.173907573;250.6180171;299.3819829;9;2.281807;0.000974;4090
622;1.872231425;7.707202925;191.6321455;358.3678545;22;2.347666;0.003782;9615
623;1.256652749;7.079316214;78.48990592;111.5100941;2;2.448013;0.002376;6513
624;0.968647914;7.918158358;236.2417471;313.7582529;10;2.316893;0.000918;5979
625;1.374165256;7.65956104;103.7801518;86.21984815;5;2.355178;0.002081;879
626;1.063843335;6.470012088;129.9286799;60.0713201;15;2.558739;0.00237;3461
627;1.432277174;7.462343976;88.23771053;101.7622895;19;2.385971;0.002508;9469
628;1.876852893;6.519675339;257.7893919;292.2106081;9;2.549086;0.00724;3169
629;1.775962009;7.535904464;247.7439207;302.2560793;24;2.373508;0.00373;152
630;1.297282674;7.142576165;141.1117541;48.88824587;17;2.43789;0.002449;1941
631;0.874239831;6.481846836;325.7138058;224.2861942;1;2.556799;0.001587;7985
632;1.637938724;6.658236797;60.56799822;129.4320018;8;2.522633;0.005081;192
633;0.907309374;6.388232881;214.4526241;335.5473759;7;2.574418;0.001831;9413
634;1.501879866;6.505842651;264.6080732;285.3919268;23;2.551007;0.004636;3051
635;1.315749674;6.35362942;70.61334356;119.3866564;2;2.582368;0.003947;3662
636;1.318148768;6.205335514;36.89641266;153.1035873;8;2.61079;0.004296;7737
637;1.514921651;6.707983727;184.8173099;5.182690105;1;2.513386;0.004187;5804
638;1.825193124;8.023197631;314.7826355;235.2173645;15;2.302663;0.003116;7083
639;1.958674427;8.041589926;211.2951751;338.7048249;15;2.299849;0.003541;7331
640;1.358127885;6.086784318;352.0859762;197.9140238;20;2.635924;0.004912;6174
641;0.55565766;8.154828188;164.6626982;25.3373018;22;2.284555;0.000274;6288
642;1.032283166;6.625282545;294.8805279;255.1194721;16;2.528231;0.002039;6152
643;0.695550431;8.193887329;95.92103695;94.07896305;24;2.27907;0.000421;74
644;1.930245975;7.220120316;253.4610161;296.5389839;9;2.424589;0.005174;9171
645;1.394890014;6.003015561;218.8224656;331.1775344;14;2.655264;0.00543;9979
646;1.805317119;8.416620736;60.76786424;129.2321358;16;2.248287;0.002532;6916
647;1.908732041;6.516543185;76.71616465;113.2838354;17;2.549086;0.007473;3637
648;1.189692274;7.318100975;170.2659118;19.73408817;6;2.408269;0.001867;7979
649;1.519008043;7.659652847;50.48089014;139.5191099;8;2.355178;0.002561;2439
650;1.232966084;6.987558422;208.7237497;341.2762503;15;2.463438;0.002377;613
651;1.435014497;6.891468836;102.2853946;87.71460536;13;2.480929;0.003442;6362
652;0.867411246;6.706767933;0.234071243;189.7659288;18;2.513386;0.00139;1506
653;1.571334285;7.805686935;250.7313796;299.2686204;15;2.332858;0.002538;5113
654;1.943462456;6.863908502;288.4419766;261.5580234;20;2.48625;0.006353;6790
655;1.707638444;6.067010035;225.0103859;324.9896141;17;2.640185;0.007864;9715
656;0.631491707;6.9491741;27.97185946;162.0281405;3;2.47039;0.000637;9851
657;1.783779814;8.378660253;113.3288033;76.67119671;23;2.25355;0.002493;7497
658;0.876775587;8.379555734;351.6242326;198.3757674;18;2.25355;0.000609;2235
659;1.538313256;6.443684293;256.5196193;293.4803807;9;2.564584;0.005092;8659
660;0.512180904;7.977968863;241.6636412;308.3363588;5;2.308323;0.000247;3760
661;1.594333688;7.787025753;138.9317448;51.06825523;13;2.335797;0.002628;3151
662;0.710338406;6.885623913;103.442053;86.55794696;17;2.480929;0.000837;9970
663;1.022611585;7.044443387;33.06675439;156.9332456;16;2.454832;0.001591;1962
664;0.719320725;7.461456775;303.79013;246.20987;21;2.385971;0.000636;6269
665;0.748009164;6.90820164;347.3994419;202.6005581;10;2.477401;0.000924;2015
666;1.469119979;6.476483199;149.7798646;40.22013535;4;2.556799;0.004531;6242
667;1.838389863;6.183771725;78.92556647;111.0744335;3;2.617005;0.008503;2965
668;0.892954692;6.984972114;27.52292504;162.477075;6;2.46517;0.001252;8958
669;0.592241345;8.312172673;76.23810064;113.7618994;22;2.262851;0.000283;1984
670;0.658323102;6.977489283;270.7452795;279.2547205;7;2.46517;0.000688;5289
671;1.394487191;7.63668574;302.2916496;247.7083504;23;2.358203;0.002163;7313
672;1.202729206;7.262758721;111.1817922;78.8182078;13;2.418021;0.001959;113
673;1.569444379;8.093658331;140.7751939;49.22480609;8;2.292858;0.002219;4627
674;1.231268983;7.283301795;86.23214013;103.7678599;3;2.414757;0.002036;5624
675;0.545889216;8.306586232;149.0952605;40.90473953;6;2.262851;0.000246;2611
676;1.660130485;6.250582728;297.9725633;252.0274367;7;2.602573;0.006631;1353
677;1.388968295;6.414586577;53.89792262;136.1020774;3;2.570471;0.004223;880
678;1.68512114;7.538765354;236.3867288;313.6132712;6;2.373508;0.003363;325
679;0.89501833;6.942755277;96.53034425;93.46965575;13;2.472137;0.001308;7070
680;1.060235567;6.902449185;267.5387166;282.4612834;6;2.479163;0.001855;5639
681;0.908506945;8.21468406;345.7126027;204.2873973;16;2.276342;0.000705;6640
682;1.790584952;8.005951192;119.6328286;70.36717142;3;2.304074;0.002996;7644
683;1.99371632;7.740176569;115.7285014;74.27149864;9;2.343194;0.00422;3183
684;1.703500406;7.960236828;233.5069916;316.4930084;10;2.311169;0.002767;8163
685;1.74997679;8.493238704;225.9940357;324.0059643;1;2.239166;0.002293;1470
686;1.080869554;6.550385307;349.4803397;200.5196603;8;2.543346;0.002348;3160
687;0.599824936;7.719872348;161.431693;28.56830701;6;2.346172;0.000387;1748
688;0.892688784;7.86313541;162.2527372;27.74726283;9;2.32556;0.000796;3345
689;0.706970036;7.168650085;173.7427818;16.25721816;13;2.432877;0.000719;1612
690;1.247861565;7.395537692;5.924526486;184.0754735;17;2.39545;0.001976;5339
691;0.950778835;8.332441367;152.7333111;37.26668894;14;2.260181;0.000727;318
692;1.359674635;6.268470065;322.6743253;227.3256747;19;2.598493;0.004397;3235
693;0.665817554;6.659027326;188.2556015;1.744398501;22;2.522633;0.000848;9568
694;0.903385875;8.479398648;350.071695;199.928305;20;2.240462;0.000609;4618
695;1.763449521;6.892654813;283.5661315;266.4338685;24;2.480929;0.005142;8158
696;1.89143015;8.386246624;209.2838662;340.7161338;2;2.252231;0.002798;7208
697;1.971976291;7.32268694;119.7189108;70.28108921;14;2.408269;0.005115;8880
698;0.9828914;6.770081674;295.008202;254.991798;3;2.502424;0.001705;2010
699;1.549713491;7.358565784;17.65881318;172.3411868;3;2.401834;0.003102;3914
700;1.538100915;6.333468674;75.70564759;114.2943524;23;2.586371;0.005437;4192
701;0.857533481;7.121420518;273.5879533;276.4120467;24;2.44125;0.001083;2471
702;1.397162097;6.331320696;90.62987695;99.37012305;21;2.586371;0.004493;880
703;0.791424435;7.05094064;104.6582304;85.34176961;19;2.453122;0.000949;5143
704;1.742150581;6.200359496;215.9526025;334.0473975;15;2.612857;0.007511;369
705;1.549636493;7.568098972;38.10710681;151.8928932;1;2.368885;0.002786;7388
706;1.017207064;8.389546264;264.8506989;285.1493011;23;2.252231;0.000815;4209
707;1.942600833;6.13361019;219.9335977;330.0664023;6;2.627465;0.009749;752
708;0.645953597;6.409433926;252.6675988;297.3324012;15;2.570471;0.000923;906
709;1.712560235;6.501187104;99.20374029;90.79625971;11;2.552934;0.00606;479
710;1.542666697;6.7438698;143.4375185;46.56248152;3;2.507887;0.004281;1267
711;0.9584033;8.297941684;131.4463419;58.55365813;12;2.264189;0.000752;1771
712;0.513331921;7.931460394;348.841057;201.158943;7;2.315458;0.000253;1498
713;0.97821434;6.257760746;285.0173388;264.9826612;20;2.600531;0.002297;36
714;1.348174149;8.294156968;331.6617983;218.3382017;7;2.265529;0.001495;8965
715;1.865795903;7.830062701;38.23737357;151.7626264;14;2.32993;0.003565;2640
716;0.592604681;6.96820619;71.65978693;118.3402131;10;2.466906;0.000553;5
717;1.527017002;6.648782898;82.30587405;107.694126;21;2.524495;0.004448;9534
718;1.783102162;7.26562891;43.02688837;146.9731116;3;2.416387;0.004287;5390
719;1.572409247;6.188061712;110.9266139;79.0733861;25;2.614929;0.006153;9212
720;1.535401999;7.431932977;186.4477642;3.55223576;11;2.390697;0.002953;4116
721;0.668430501;7.298489847;68.07027424;121.9297258;21;2.411507;0.000598;9809
722;1.078093569;6.889576014;200.2503047;349.7496953;19;2.480929;0.001936;8960
723;1.439385852;7.436888826;306.1863342;243.8136658;21;2.389118;0.002569;5293
724;1.714692418;6.688272593;6.928534752;183.0714652;22;2.517073;0.005431;8925
725;0.85241014;6.961763576;234.5822767;315.4177233;25;2.468646;0.001154;1521
726;1.905893034;6.484989861;330.8020546;219.1979454;13;2.556799;0.00765;3831
727;1.488557754;6.145117644;339.4359435;210.5640565;21;2.623266;0.00568;3619
728;1.101853383;8.407610172;301.6670253;248.3329747;18;2.249599;0.000939;5766
729;1.449532531;6.574840643;23.08670702;166.913293;25;2.539542;0.004183;2720
730;1.027090126;8.296824391;183.3409643;6.65903574;4;2.264189;0.000866;296
731;1.13208728;6.613276252;159.9171418;30.08285818;16;2.531985;0.002483;1534
732;1.618607923;6.664244651;149.1903831;40.80961692;7;2.522633;0.004958;1871
733;0.834217539;8.043904811;140.5810001;49.41899993;14;2.299849;0.000635;1438
734;1.430416202;7.100214294;267.617958;282.382042;5;2.444624;0.003028;3442
735;0.901749209;6.948530698;170.6171231;19.38287692;20;2.47039;0.001301;2520
736;1.959114009;6.754711458;343.7104754;206.2895246;9;2.506062;0.006896;3766
737;0.719604505;7.736120551;264.1954483;285.8045517;16;2.343194;0.000552;431
738;0.631316605;6.158484705;328.0662906;221.9337094;5;2.621174;0.001009;1764
739;1.897248491;7.662961748;229.1439603;320.8560397;12;2.355178;0.004002;5494
740;1.024634572;7.155189439;118.3710815;71.62891852;21;2.434544;0.001492;9988
741;1.629134901;6.417883599;171.3815426;18.6184574;10;2.568504;0.005772;3316
742;0.849846316;8.088180999;304.2157149;245.7842851;16;2.292858;0.00065;9114
743;1.07125759;6.771090013;312.4938877;237.5061123;5;2.502424;0.002032;4814
744;0.63602549;8.491726851;41.25961128;148.7403887;25;2.239166;0.000307;4271
745;0.760541661;7.147341306;90.84047698;99.15952302;11;2.436216;0.000833;1370
746;1.356114581;6.039707331;344.2267523;205.7732477;5;2.646615;0.005069;8203
747;1.742099107;8.416533239;227.4890774;322.5109226;24;2.248287;0.00234;3431
748;0.795623822;6.707327277;91.5195691;98.4804309;3;2.513386;0.001175;4616
749;1.643412929;6.874278258;238.2983509;311.7016491;8;2.484473;0.004515;8157
750;1.078123977;7.058466899;201.0179034;348.9820966;17;2.451415;0.001765;611
751;1.629162341;7.600396386;293.3867532;256.6132468;8;2.364289;0.003035;7707
752;1.286542228;6.927408769;82.6496284;107.3503716;13;2.473888;0.002702;4696
753;1.75935669;6.488517412;18.14538331;171.8546167;9;2.554864;0.006458;5635
754;1.985387687;7.736191985;231.2349245;318.7650755;10;2.343194;0.00422;1987
755;1.885625828;7.253983372;11.39081939;178.6091806;20;2.419658;0.004884;3703
756;1.829324814;8.351701442;140.0274052;49.97259484;16;2.257522;0.002672;2087
757;1.459747993;7.991036227;32.29509669;157.7049033;25;2.306904;0.002012;6453
758;1.309987315;8.361757734;240.6519848;309.3480152;6;2.256195;0.001363;405
759;1.878388896;6.709038285;338.569913;211.430087;9;2.513386;0.00649;3778
760;1.465965997;6.412375452;94.35174128;95.64825872;16;2.570471;0.004723;9160
761;0.531909196;7.599482224;160.675324;29.32467598;20;2.364289;0.000321;4246
762;1.929851;7.783865848;3.210632603;186.7893674;11;2.337271;0.003892;1726
763;0.589096022;7.491292179;221.0882992;328.9117008;12;2.381274;0.00042;8016
764;1.505927123;6.980973202;164.2777828;25.72221723;2;2.46517;0.003603;2872
765;1.237026829;6.210630195;316.2125525;233.7874475;14;2.61079;0.003791;8268
766;1.878262378;7.353924272;341.6512404;208.3487596;22;2.403438;0.004587;1475
767;0.910719663;7.210385935;54.24820481;135.7517952;2;2.42624;0.001156;9574
768;1.210430665;7.811779843;84.75371632;105.2462837;12;2.332858;0.001507;7994
769;0.988302865;7.827669489;272.135038;277.864962;11;2.32993;0.000999;3986
770;1.957466765;6.572175798;320.311818;229.688182;15;2.539542;0.007644;5614
771;1.744254302;6.108173493;87.37823284;102.6217672;15;2.631684;0.007941;3868
772;1.604901709;7.585495352;13.44488281;176.5551172;17;2.365818;0.002939;3171
773;1.352082353;6.655753828;0.782015488;189.2179845;17;2.522633;0.003443;4905
774;1.788242657;7.162952587;320.4120675;229.5879325;14;2.434544;0.004594;8390
775;1.356229692;8.413855062;322.4234398;227.5765602;3;2.249599;0.001436;1519
776;1.481417171;8.283876746;218.6665161;331.3334839;4;2.266872;0.001805;1823
777;0.606672649;6.514814686;20.51941331;169.4805867;17;2.551007;0.000767;9729
778;0.832885304;8.187654371;332.6526077;217.3473923;16;2.27907;0.000592;1246
779;0.622762397;6.654570784;7.412205622;182.5877944;23;2.524495;0.00073;523
780;1.603133637;8.139092438;172.9739791;17.02602094;10;2.285932;0.002251;9491
781;1.681821013;7.329541802;123.3043825;66.69561752;21;2.406655;0.003701;9641
782;1.561366194;7.061442434;150.4542915;39.54570851;2;2.451415;0.003682;5389
783;1.081327462;7.788613082;80.22350649;109.7764935;4;2.335797;0.001213;7920
784;1.44913364;7.740411593;178.590918;11.40908198;13;2.343194;0.00224;7549
785;1.50723298;7.177770622;237.0335257;312.9664743;16;2.431212;0.003235;1992
786;1.082246982;7.355633398;51.12502178;138.8749782;20;2.401834;0.001506;8811
787;1.81957575;7.171329339;114.5846259;75.41537407;1;2.432877;0.004724;2277
788;0.538021247;6.960199319;272.9251731;277.0748269;8;2.468646;0.000466;1667
789;1.003629851;6.487103012;27.38942455;162.6105755;17;2.554864;0.002085;1722
790;0.851763518;6.761313364;223.2293967;326.7706033;17;2.504241;0.00129;6677
791;1.078583797;7.16252747;194.6935122;355.3064878;3;2.434544;0.001673;4485
792;1.470414714;6.887782602;175.4686827;14.53131734;15;2.480929;0.003587;9864
793;0.900734275;8.276376542;6.072239228;183.9277608;5;2.266872;0.000667;2818
794;1.974203903;7.345342737;82.06011259;107.9398874;16;2.403438;0.005036;8088
795;0.540526579;6.203247251;134.3696967;55.63030332;15;2.612857;0.000723;4797
796;0.765150096;7.27590195;71.96118205;118.0388179;17;2.414757;0.000798;3954
797;1.427674981;6.355730439;233.6592253;316.3407747;13;2.580373;0.004604;701
798;1.168062865;6.671580416;188.7914247;1.208575283;8;2.520776;0.002571;4328
799;1.679341351;7.940007934;245.0762315;304.9237685;12;2.314025;0.002729;5528
800;0.738542822;7.50889526;160.6071648;29.39283516;7;2.378158;0.000655;9570
801;1.062660458;8.327220288;298.1538628;251.8461372;9;2.260181;0.000905;1167
802;1.063933816;8.450035001;151.5983856;38.40161439;22;2.244364;0.000857;1517
803;1.69317283;7.164960795;316.499759;233.500241;12;2.434544;0.004095;2465
804;1.897216039;7.541995215;139.5378992;50.46210085;10;2.373508;0.00425;1878
805;0.814408437;7.589227409;41.21047276;148.7895272;9;2.365818;0.000753;589
806;1.1376109;6.342336291;92.24338999;97.75661001;21;2.584367;0.002962;5573
807;0.793047424;7.520018701;49.79735193;140.2026481;17;2.376605;0.000742;7827
808;1.342282996;6.918001884;209.2209291;340.7790709;17;2.475642;0.002932;8705
809;1.502438211;7.037685171;357.4010702;192.5989298;11;2.454832;0.003441;5451
810;1.75943215;7.490503613;295.2128454;254.7871546;9;2.381274;0.003741;8296
811;1.123135662;8.021856783;170.3821307;19.61786934;19;2.302663;0.001167;4896
812;1.552482199;6.448961914;96.54984747;93.45015253;18;2.562631;0.005128;9067
813;0.716026621;6.743324371;34.69469971;155.3053003;23;2.507887;0.000936;9990
814;1.695098588;6.819439624;129.2963671;60.70363291;23;2.493399;0.004988;2784
815;0.542444195;6.427344969;84.41633745;105.5836625;17;2.566542;0.00063;3735
816;1.53473078;6.428822196;220.4229759;329.5770241;12;2.566542;0.005056;2835
817;1.685712014;7.165856149;300.6190517;249.3809483;22;2.432877;0.004074;2563
818;1.774987356;7.278710216;186.2359255;3.764074466;4;2.414757;0.004217;30
819;1.298020393;6.279964284;30.83840871;159.1615913;16;2.596461;0.003993;1839
820;1.949137378;6.731347258;329.8375578;220.1624422;16;2.509716;0.006903;8464
821;1.402059078;7.997718033;267.4427026;282.5572974;25;2.305488;0.001841;3124
822;0.704807642;7.778394014;152.7488778;37.25112217;5;2.337271;0.000512;4976
823;0.924808642;8.131950849;177.4863157;12.5136843;20;2.287313;0.000748;3484
824;1.440958469;6.126684614;222.367482;327.632518;4;2.627465;0.005372;5228
825;0.900747611;6.39439978;85.08950402;104.910496;7;2.574418;0.001791;6914
826;0.924831333;7.383386514;106.9024956;83.09750436;3;2.398636;0.001081;467
827;0.998151568;6.76106486;294.6502349;255.3497651;19;2.504241;0.001785;9854
828;0.963761118;7.259713982;268.5701744;281.4298256;1;2.418021;0.001253;7255
829;0.867533048;6.204728779;81.3399395;108.6600605;20;2.612857;0.001878;6968
830;1.334245166;8.4254977;147.6545451;42.34545489;3;2.246977;0.001361;9571
831;1.804057706;8.240146262;171.9563278;18.04367222;21;2.272269;0.002719;5880
832;1.096394866;7.561930406;8.168936779;181.8310632;3;2.370423;0.00141;4982
833;1.00064812;7.863198852;27.15579057;162.8442094;3;2.32556;0.001005;1833
834;1.914292098;8.308376526;266.2175396;283.7824604;16;2.262851;0.002964;5548
835;1.541159587;6.193198454;99.08685916;90.91314084;23;2.614929;0.00592;8916
836;1.767446996;8.03786117;10.66033951;179.3396605;3;2.299849;0.002887;3034
837;1.506782689;6.718950174;214.2135308;335.7864692;5;2.511549;0.004163;7638
838;0.695703935;8.3171344;84.83243318;105.1675668;9;2.261515;0.000396;1526
839;1.511652752;8.494461437;120.7610758;69.23892421;6;2.239166;0.001707;6241
840;1.751793394;6.849060875;40.00844037;149.9915596;5;2.488032;0.005198;5696
841;1.089404452;8.28143559;155.6649936;34.33500641;9;2.266872;0.000979;1659
842;0.624237747;7.826434972;92.03205225;97.96794775;20;2.32993;0.000392;2169
843;0.993221807;6.4091516;48.05929155;141.9407085;7;2.570471;0.002142;6333
844;0.865261901;7.768360197;345.4849819;204.5150181;15;2.338747;0.000795;3385
845;1.919806917;8.418055209;190.8876318;359.1123682;23;2.248287;0.002849;2851
846;1.374533568;6.130231893;9.321734124;180.6782659;12;2.627465;0.004862;2391
847;1.893469025;7.807884918;97.23668673;92.76331327;17;2.332858;0.003678;6729
848;1.28432717;8.406320828;214.7760469;335.2239531;14;2.249599;0.001272;123
849;1.183867221;6.733837191;12.46285525;177.5371448;10;2.509716;0.002528;6303
850;1.928793029;7.134554853;245.3726528;304.6273472;14;2.439568;0.005427;5562
851;0.655009118;6.710843923;53.2528797;136.7471203;24;2.513386;0.0008;4728
852;1.197156915;8.005770437;102.7962608;87.20373916;22;2.304074;0.001346;5056
853;1.035370359;6.384067239;62.66744651;127.3325535;6;2.576398;0.002406;9608
854;1.705214258;6.672854071;148.6799104;41.32008956;6;2.520776;0.005493;4643
855;1.204893811;6.310169636;262.8323906;287.1676094;2;2.590392;0.003341;7228
856;1.989564171;8.447103495;300.7537813;249.2462187;22;2.244364;0.003019;6547
857;1.126260148;6.039475192;38.16117974;151.8388203;18;2.646615;0.003499;4119
858;1.036304187;7.313998585;255.3199092;294.6800908;14;2.409886;0.001433;6973
859;0.685978295;6.473497389;65.94842501;124.051575;5;2.558739;0.001004;2279
860;0.991531465;6.224988723;311.8992907;238.1007093;18;2.608729;0.002402;8170
861;1.042379947;8.001051317;143.687083;46.31291703;11;2.305488;0.001016;9225
862;1.683416854;6.401413678;275.3423429;274.6576571;22;2.572442;0.006205;809
863;1.14535571;8.13746953;94.31014907;95.68985093;10;2.285932;0.001163;6964
864;1.449188179;6.716045944;342.5263696;207.4736304;3;2.511549;0.003839;2194
865;1.677303281;7.683264764;155.9002976;34.09970237;23;2.352164;0.003098;9820
866;1.304373197;6.356365489;321.8468329;228.1531671;25;2.580373;0.003805;6979
867;1.810840943;7.322518362;296.0725594;253.9274406;3;2.408269;0.004318;3040
868;1.108031042;6.957979214;46.18406116;143.8159388;24;2.468646;0.001968;5977
869;1.103850192;6.580749794;218.2416141;331.7583859;21;2.537646;0.002394;9881
870;1.563141909;8.006113149;346.3752009;203.6247991;15;2.304074;0.002275;9278
871;0.712132552;6.356444051;357.2563276;192.7436724;14;2.580373;0.001135;6530
872;1.496322333;7.091461069;114.3141313;75.68586865;19;2.446317;0.003349;3290
873;0.676291308;6.262557537;332.0540436;217.9459564;10;2.600531;0.001106;2541
874;0.661585327;6.203825698;317.1595584;232.8404416;8;2.612857;0.001081;8252
875;1.828984222;6.305085263;53.27397433;136.7260257;14;2.590392;0.00777;9780
876;1.884591937;8.445483714;232.951959;317.048041;6;2.244364;0.002694;7071
877;1.595616579;7.7527384;53.52117054;136.4788295;7;2.341709;0.002714;7861
878;0.666791981;6.765250353;288.5406873;261.4593127;1;2.502424;0.000797;8837
879;1.836091279;7.351285711;334.924974;215.075026;2;2.403438;0.004393;7373
880;0.971817847;7.407861401;68.64718032;121.3528197;21;2.393863;0.001184;5292
881;0.952532066;6.328075973;33.18472652;156.8152735;16;2.586371;0.002069;241
882;1.625800761;6.29121861;181.9678353;8.03216466;8;2.594433;0.00624;2073
883;0.617551866;7.299849601;63.69434013;126.3056599;18;2.411507;0.000512;5742
884;1.14593759;6.811901401;219.219672;330.780328;15;2.495196;0.002295;2123
885;1.080319319;7.169752405;339.9423537;210.0576463;8;2.432877;0.001664;9343
886;1.811581978;6.010737852;174.0941083;15.90589169;13;2.653094;0.00915;9378
887;1.713716236;6.624205871;25.52287172;164.4771283;18;2.530106;0.005653;8351
888;1.853930526;8.349949113;213.7899051;336.2100949;2;2.257522;0.00273;2037
889;1.096601547;6.501675332;350.5760177;199.4239823;9;2.552934;0.002508;1692
890;1.299530992;7.291845938;26.11166848;163.8883315;18;2.41313;0.002263;5589
891;0.650807841;8.018389161;92.21286394;97.78713606;21;2.302663;0.000393;3686
892;0.972492244;6.979537465;329.9106695;220.0893305;14;2.46517;0.001487;4899
893;1.965786166;7.644487417;238.9645102;311.0354898;13;2.358203;0.004345;596
894;0.84672087;8.437783935;239.0815514;310.9184486;6;2.245669;0.000553;3441
895;0.624018054;6.561739535;146.6727281;43.3272719;1;2.541442;0.000769;2102
896;1.733268192;6.188552441;323.808179;226.191821;24;2.614929;0.007471;9651
897;0.851991142;7.181836369;77.81719826;112.1828017;14;2.431212;0.001025;1674
898;1.949028703;6.443508009;232.9216502;317.0783498;23;2.564584;0.008164;2012
899;1.70012867;8.293875444;177.2618291;12.73817088;16;2.265529;0.00237;5193
900;0.7421211;8.144618065;102.3553174;87.6446826;16;2.285932;0.000481;8401
901;1.876999767;7.947538601;234.0780692;315.9219308;12;2.312596;0.0034;9095
902;1.741223849;8.042534562;273.369152;276.630848;5;2.299849;0.00279;7920
903;0.690280304;6.617711548;253.2950502;296.7049498;13;2.530106;0.00092;2481
904;1.676696707;7.441962668;140.4463965;49.55360346;15;2.389118;0.003497;6221
905;1.502496936;8.081134515;191.527618;358.472382;12;2.294251;0.002035;6774
906;0.692466103;6.730740685;235.6097147;314.3902853;11;2.509716;0.000864;3660
907;0.698598256;6.797466618;157.6197358;32.38026422;3;2.496997;0.000855;1200
908;0.804226666;7.76682928;279.7778978;270.2221022;11;2.338747;0.000672;3915
909;1.143696687;6.008222556;341.2364246;208.7635754;22;2.653094;0.00363;605
910;1.753231367;8.083628424;320.298676;229.701324;12;2.294251;0.00277;9717
911;1.403931912;7.136256512;216.7019012;333.2980988;4;2.43789;0.002841;3978
912;1.159403916;6.71820563;166.2995588;23.7004412;1;2.511549;0.002457;2194
913;1.653720773;8.29224272;99.30650653;90.69349347;3;2.265529;0.002233;8704
914;1.71200631;7.7849875;215.112246;334.887754;14;2.337271;0.003055;2239
915;1.577888174;7.050681856;83.61925237;106.3807476;12;2.453122;0.003797;7436
916;1.568545022;6.768242168;167.8529982;22.14700177;16;2.502424;0.004375;3487
917;1.602745539;8.139905057;7.131921464;182.8680785;7;2.285932;0.002251;7978
918;1.489472004;6.800512726;213.6982525;336.3017475;15;2.496997;0.003875;3170
919;1.493103486;8.176564693;165.5826365;24.41736349;9;2.280437;0.001916;1871
920;1.352310156;7.600579825;173.0931334;16.90686664;11;2.364289;0.002082;602
921;1.288327633;7.511416328;243.3206065;306.6793935;22;2.378158;0.001989;3209
922;0.897382174;6.828198104;159.1366238;30.86337622;12;2.491606;0.00139;8617
923;0.640759874;6.498953152;179.9727186;10.02728139;13;2.552934;0.000849;2073
924;1.898121835;8.24214592;88.07400625;101.9259937;8;2.272269;0.003029;2943
925;0.871037863;8.083209535;183.6233158;6.376684184;13;2.294251;0.000685;211
926;0.763053717;8.183280814;173.0805324;16.91946759;13;2.280437;0.000498;5577
927;1.394817025;7.096052401;18.33072877;171.6692712;2;2.444624;0.002861;6167
928;0.751244988;6.794754375;120.1802487;69.81975134;23;2.498802;0.000987;6387
929;0.629410618;6.626762303;3.307850029;186.69215;13;2.528231;0.000763;9607
930;0.87438194;6.284671695;295.414576;254.585424;8;2.596461;0.001788;5339
931;1.729748755;7.86367361;351.863509;198.136491;8;2.32556;0.003007;9638
932;1.627103334;7.729218864;159.2685298;30.73147017;3;2.344681;0.002845;5895
933;0.812122303;6.904796889;328.0714406;221.9285594;8;2.479163;0.001083;3866
934;1.154165978;7.407737888;312.0849183;237.9150817;12;2.393863;0.001664;9647
935;1.965625967;7.544076542;347.886876;202.113124;8;2.373508;0.004569;5425
936;1.417363067;7.837500045;296.1820043;253.8179957;10;2.328471;0.002046;2076
937;1.807727203;7.195339687;330.3697175;219.6302825;22;2.427894;0.004599;2355
938;0.859787132;6.65695361;102.8758437;87.12415633;4;2.522633;0.001397;5272
939;1.215195466;8.163462885;116.9097058;73.09029422;3;2.28318;0.001296;838
940;1.239618368;8.044603917;282.5177634;267.4822366;14;2.299849;0.001417;5234
941;1.331206662;6.934043155;33.71012236;156.2898776;17;2.473888;0.002872;6807
942;0.942802378;7.710469251;116.2132928;73.78670722;23;2.347666;0.000956;2382
943;1.513955699;7.907145406;298.741629;251.258371;10;2.31833;0.002236;4225
944;1.051878921;7.211775495;121.9793908;68.02060922;16;2.42624;0.00154;6476
945;1.544315613;6.673535949;351.51381;198.48619;13;2.520776;0.004455;9419
946;1.069571534;6.049331174;102.6647737;87.33522634;7;2.644467;0.003118;1679
947;0.751556153;6.524607944;344.5323323;205.4676677;14;2.549086;0.001152;7429
948;0.872375817;7.542825559;85.06074846;104.9392515;25;2.373508;0.000891;6773
949;1.853960586;7.243571171;193.6335888;356.3664112;7;2.421299;0.004704;2085
950;1.868318826;8.152865763;20.74693711;169.2530629;14;2.284555;0.00306;9230
951;0.851753341;7.481319009;4.328830392;185.6711696;25;2.382837;0.000877;9044
952;1.173181544;7.001973744;103.7500401;86.24995986;3;2.46171;0.002139;2062
953;0.809480385;7.682144385;194.1819119;355.8180881;22;2.352164;0.00072;2736
954;1.882152661;8.0174163;138.3497269;51.65027308;16;2.302663;0.003289;7497
955;0.754129769;6.134976162;217.7412527;332.2587473;5;2.627465;0.001457;7900
956;1.758620886;8.311000386;212.618187;337.381813;2;2.262851;0.002517;29
957;0.691082791;8.016393164;118.0894729;71.91052709;4;2.302663;0.000443;7934
958;0.742279216;6.914300795;336.1122229;213.8877771;24;2.477401;0.000899;7941
959;0.771276291;7.924530824;133.9990999;56.00090011;11;2.316893;0.000579;7864
960;1.391295557;6.531011228;104.3035985;85.69640148;5;2.547168;0.003935;7410
961;1.183585155;7.094911783;77.01829823;112.9817018;3;2.446317;0.002073;9752
962;0.802040222;7.479811206;15.96853557;174.0314644;8;2.382837;0.000777;1651
963;1.892515599;7.140980959;26.16068268;163.8393173;1;2.43789;0.005177;2875
964;1.104395798;6.677934877;175.9413657;14.05863425;24;2.518922;0.00226;6333
965;1.910486192;6.905036386;117.9684896;72.03151042;5;2.477401;0.00599;2662
966;1.075826198;7.499392026;78.16783738;111.8321626;8;2.379715;0.001401;1231
967;0.684184177;6.601402151;34.30050523;155.6994948;4;2.533868;0.000904;3823
968;1.933640962;6.675215063;159.3313167;30.66868331;25;2.518922;0.006957;5551
969;1.239902121;8.48246768;159.2922573;30.70774275;25;2.240462;0.001156;1471
970;1.909001931;7.564174905;87.66740511;102.3325949;6;2.370423;0.004252;3007
971;1.219814347;6.20172329;145.1914939;44.80850614;4;2.612857;0.003693;1567
972;1.559489631;8.229626565;339.0264116;210.9735884;20;2.273624;0.002052;1843
973;1.661375367;6.038176311;66.81158203;123.188418;24;2.646615;0.007551;9290
974;1.227337758;7.308830706;233.7405691;316.2594309;7;2.409886;0.002005;9303
975;1.898625007;7.868632168;312.1781138;237.8218862;2;2.324108;0.00361;8978
976;1.093107725;6.8405326;92.8796181;97.1203819;22;2.489817;0.002028;1088
977;1.302477788;8.462727989;51.35726326;138.6427367;18;2.243061;0.001283;1538
978;0.945071899;7.147637319;243.5166292;306.4833708;22;2.436216;0.001301;5887
979;1.307775238;6.362419677;87.36414419;102.6358558;17;2.580373;0.003864;2353
980;0.908731621;6.701166376;292.9271853;257.0728147;11;2.515227;0.001529;9629
981;0.883700518;6.183120465;51.93952047;138.0604795;1;2.617005;0.001945;2289
982;0.985818502;7.986655709;357.3765664;192.6234336;3;2.306904;0.000925;3781
983;1.29845674;6.727701422;204.0540445;345.9459555;22;2.509716;0.003068;6112
984;0.721383674;8.368293337;131.8629502;58.13704983;21;2.254871;0.00041;4292
985;0.752293277;8.076941032;341.7937858;208.2062142;9;2.294251;0.000509;9249
986;1.853147194;7.993929806;95.88263087;94.11736913;20;2.306904;0.00323;8078
987;1.913312543;6.269642905;249.2980583;300.7019417;24;2.598493;0.008672;5857
988;1.553694535;6.325015128;47.45954478;142.5404552;17;2.586371;0.005508;4223
989;0.608660821;6.492791758;231.5782553;318.4217447;24;2.554864;0.000776;9310
990;1.023577425;8.362433489;59.30419775;130.6958022;18;2.256195;0.000826;8603
991;1.405867442;7.371636011;316.7799983;233.2200017;14;2.400233;0.002553;1748
992;1.774928344;8.042472337;261.5489846;288.4510154;4;2.299849;0.002887;4645
993;1.061218008;7.260554345;90.03339161;99.96660839;4;2.418021;0.001528;3666
994;0.53654525;7.441195416;93.83909132;96.16090868;17;2.389118;0.000361;6970
995;1.375756992;7.021211751;109.7118523;80.28814775;13;2.458264;0.002944;6477
996;1.837152945;7.937950469;84.5925298;105.4074702;11;2.314025;0.003273;4063
997;1.301977799;6.27862362;65.14389959;124.8561004;16;2.596461;0.003993;6438
998;0.692366023;6.823782076;35.00716714;154.9928329;20;2.493399;0.000822;2563
999;1.330239703;7.77364751;290.707008;259.292992;7;2.338747;0.001857;916
1000;0.898030741;7.042622929;244.9950881;305.0049119;10;2.454832;0.001239;7874
