caso;Hs;Tp;dir;dir;S;gamma;alfa;rnd 
1;2.56;8.33;18.78;171.22;14;2.3704;5.08E-04;3983
2;3.87;11.46;106.31;83.69;12;2.6509;9.19E-03;7892
3;1.72;9.04;70.9;119.1;15;2.6275;1.09E-03;6498
4;2.2;8.51;224.54;325.46;23;2.6191;2.00E-03;3693
5;5.8;8.82;244.95;305.05;23;2.4704;4.32E-03;8660
6;5.15;12.1;51.75;138.25;18;2.3041;4.32E-04;506
7;2.55;8.31;117.79;72.21;19;2.5764;4.42E-03;4686
8;5.43;10.58;223.27;326.73;17;2.2846;1.12E-03;6012
9;5.28;11.36;63.22;126.78;22;2.4262;1.63E-03;2852
10;4.37;11.95;246.87;303.13;17;2.3939;1.31E-03;4431
11;4.75;11.22;152;38;6;2.5006;6.58E-03;1726
12;4.33;11.92;302.76;247.24;20;2.3797;4.20E-03;8432
13;3.36;10.38;173.97;16.03;18;2.2392;4.44E-04;6011
14;5.49;12.3;219.35;330.65;12;2.2418;6.82E-04;1258
15;2.86;10.66;198.25;351.75;6;2.5884;1.33E-03;9238
16;4.85;8.01;135.46;54.54;19;2.4548;4.06E-03;9341
17;5.95;8.41;31.32;158.68;15;2.5079;3.85E-03;1529
18;4.34;8.16;28.36;161.64;4;2.5568;7.49E-03;1483
19;3.21;9.61;229.72;320.28;9;2.2998;1.83E-03;1551
20;4.56;8.69;27.27;162.73;14;2.4379;3.66E-03;280
21;3.36;9.74;298.14;251.86;1;2.2804;1.97E-03;5075
22;2.03;12.35;6.44;183.56;23;2.3013;1.42E-03;556
23;4.23;10.98;96.44;93.56;9;2.2804;8.80E-04;4771
24;4.53;12.62;258.86;291.14;22;2.5152;7.31E-03;7173
25;3.27;8.38;356.32;193.68;10;2.3241;2.43E-03;2688
26;5.81;11.86;82.24;107.76;16;2.5115;1.68E-03;9534
27;4.89;9.14;134.64;55.36;9;2.3658;1.04E-03;6334
28;2.66;10.39;150.09;39.91;8;2.2682;9.65E-04;9286
29;4.66;10.98;264.06;285.94;5;2.5944;8.48E-03;1368
30;3.42;10.5;230.37;319.63;19;2.5985;3.25E-03;3515
31;1.52;10.66;138.88;51.12;3;2.4429;3.54E-03;3388
32;1.92;12.76;162.38;27.62;19;2.3183;3.11E-03;8230
33;2.35;11.01;94.5;95.5;15;2.3828;7.01E-04;9529
34;1.63;8;284.99;265.01;4;2.4131;1.21E-03;6753
35;4.11;12.73;337.83;212.17;8;2.5924;8.88E-03;3571
36;5.41;8.58;163.91;26.09;17;2.4429;8.06E-04;3741
37;2.15;12.46;32.91;157.09;12;2.3432;2.15E-03;6336
38;2.24;11.47;324.16;225.84;15;2.2984;2.39E-04;2830
39;5.1;9.75;23.2;166.8;8;2.2901;2.01E-03;4848
40;2.18;8.13;246.74;303.26;8;2.4952;3.96E-03;6347
41;1.94;8.89;336.36;213.64;19;2.3674;1.09E-03;4213
42;4.44;11.49;130.19;59.81;17;2.2791;2.17E-03;6043
43;5.2;11.13;224.11;325.89;24;2.2984;6.63E-04;4103
44;1.62;8.73;323.12;226.88;18;2.4548;3.58E-03;6627
45;2.97;9.5;24.63;165.37;20;2.2629;9.48E-04;7299
46;3.93;10.41;19.05;170.95;2;2.3828;4.52E-04;9152
47;3.4;9.59;71.14;118.86;10;2.2887;2.54E-03;1327
48;2.68;8.75;93.24;96.76;23;2.3582;9.07E-04;1925
49;4.3;10.39;330.94;219.06;12;2.2522;7.37E-04;1555
50;3.03;8.26;269.79;280.21;24;2.6466;1.23E-03;2696
51;5.79;12.42;308.77;241.23;21;2.3285;3.86E-03;8181
52;5.86;8.69;134.29;55.71;3;2.6466;2.96E-03;4319
53;3.33;12.38;189.51;0.49;15;2.5724;9.01E-04;2184
54;4.84;12.99;15.05;174.95;5;2.3183;5.82E-04;5724
55;3.34;9.29;200.69;349.31;20;2.3782;3.79E-03;8348
56;3.81;11.81;165.53;24.47;11;2.5226;7.18E-03;6161
57;4.71;11.24;302.65;247.35;12;2.5189;3.35E-03;9326
58;2.66;10.08;70.14;119.86;15;2.327;3.16E-03;6554
59;3.79;12.95;114.83;75.17;14;2.6359;5.36E-03;509
60;2.44;10.84;185.08;4.92;9;2.4083;3.25E-03;8135
61;4.52;11.7;4.94;185.06;2;2.4652;1.43E-03;9149
62;4.73;8.54;188.26;1.74;22;2.2915;2.32E-03;9565
63;4.63;8.48;26;164;19;2.4329;1.08E-03;3372
64;4.59;8.1;163.14;26.86;9;2.4018;2.71E-03;1532
65;4.13;9.35;222.49;327.51;7;2.5097;1.31E-03;5749
66;4.28;10.28;132.6;57.4;14;2.6046;1.36E-03;7456
67;2.52;12.57;92.75;97.25;8;2.405;1.30E-03;5081
68;3.81;10.78;216.67;333.33;12;2.3766;3.85E-03;5492
69;5.29;10.29;202.37;347.63;17;2.3492;4.18E-03;8238
70;4.5;11.79;359.56;190.44;20;2.3597;3.81E-03;4306
71;3.27;10.33;164.86;25.14;5;2.3227;1.76E-03;9664
72;4.76;9.6;129.54;60.46;8;2.6488;1.20E-03;6470
73;2.73;12.84;327.75;222.25;11;2.3387;1.39E-03;6730
74;5.53;9.03;27.1;162.9;8;2.2615;2.23E-03;6713
75;5.77;8.33;98.84;91.16;22;2.275;6.56E-04;9407
76;3.79;10.29;268.72;281.28;9;2.5264;5.52E-03;7866
77;5.28;9.42;82.69;107.31;10;2.3447;3.79E-03;6839
78;3.4;9.36;177.16;12.84;6;2.5245;1.04E-03;7227
79;3.49;10.43;49.91;140.09;17;2.327;1.18E-03;6947
80;4.28;12.26;215.22;334.78;13;2.6423;9.10E-04;7132
81;5.17;9.72;9.74;180.26;8;2.3567;7.68E-04;6409
82;4.88;11.5;22.35;167.65;25;2.4002;4.54E-03;7139
83;3.05;9.52;214.53;335.47;10;2.3628;9.21E-04;9553
84;1.81;12.48;32.7;157.3;20;2.6212;3.60E-03;2356
85;4.35;9.62;58.7;131.3;3;2.397;3.71E-04;9724
86;4.73;9.84;252.56;297.44;1;2.3658;1.10E-03;7159
87;5.69;8.41;30.19;159.81;6;2.5665;7.88E-03;4089
88;3.37;12.33;298.06;251.94;12;2.5965;2.81E-03;5974
89;1.75;9.76;14.36;175.64;10;2.386;4.24E-03;3078
90;3.25;8.6;178.75;11.25;13;2.2522;3.84E-04;7155
91;2.72;10.98;336.12;213.88;24;2.4845;1.96E-03;133
92;2.59;9.97;184.8;5.2;5;2.4634;3.68E-03;192
93;2.07;9.97;74.84;115.16;12;2.5844;8.48E-04;9784
94;1.7;10.29;143.51;46.49;20;2.2818;3.03E-03;2741
95;4.07;10.66;339.05;210.95;25;2.5433;3.05E-03;4247
96;4.66;11.55;18.6;171.4;8;2.4634;1.48E-03;1620
97;5.87;10.37;255.85;294.15;20;2.4262;2.25E-03;3006
98;5.48;10.72;136.18;53.82;1;2.5568;7.30E-04;5954
99;5.67;11.57;256.93;293.07;13;2.4934;2.44E-03;5255
100;3.16;8.03;346.77;203.23;1;2.5884;8.33E-03;5109
101;5.48;8.81;94.91;95.09;17;2.2818;1.51E-03;1910
102;1.54;9.17;293.4;256.6;6;2.3358;1.26E-03;8659
103;3.17;11.82;218.31;331.69;7;2.4099;2.98E-03;1081
104;2.05;8.3;299.92;250.08;9;2.5764;5.48E-03;5596
105;3.28;12.49;203.84;346.16;4;2.3986;1.93E-03;8837
106;5.4;11.24;140.5;49.5;2;2.6445;7.41E-03;6355
107;2.48;10.74;211.42;338.58;25;2.386;2.14E-03;3055
108;2.38;10.54;4.57;185.43;3;2.3373;2.81E-03;8852
109;5.43;9.54;2.16;187.84;2;2.2418;8.49E-04;3134
110;3.08;10.89;123.82;66.18;5;2.4379;3.13E-03;4879
111;2.39;9.33;60.95;129.05;15;2.448;2.34E-03;8882
112;4.04;12.29;218.85;331.15;1;2.4018;1.45E-03;2382
113;2.93;10.87;1.88;188.12;5;2.2915;2.97E-03;9311
114;3.46;12.63;230.03;319.97;2;2.5339;4.34E-03;7717
115;2.66;11.13;51.41;138.59;4;2.2418;1.26E-03;4017
116;4.02;12.59;150.71;39.29;8;2.4988;2.05E-03;8728
117;4.73;8.63;310.79;239.21;20;2.2602;2.27E-03;5548
118;4.05;9.23;253.86;296.14;12;2.3198;3.71E-03;1870
119;5.88;12.76;165.84;24.16;17;2.3782;2.65E-03;7609
120;3.37;9.47;309.76;240.24;21;2.6275;4.11E-03;8154
121;5;11.45;69.02;120.98;15;2.4463;6.10E-04;2831
122;1.94;11.98;268.97;281.03;8;2.2379;2.78E-03;3266
123;2.66;9.65;293.61;256.39;6;2.2444;7.03E-04;1322
124;5.81;10.08;198;352;5;2.3256;1.07E-03;4126
125;4.76;10.01;115.72;74.28;21;2.4213;3.30E-03;1190
126;3.86;11.94;160.33;29.67;19;2.5944;1.95E-03;4062
127;3.76;9.27;92.06;97.94;22;2.2483;1.02E-03;5345
128;4.93;8.03;49.42;140.58;19;2.247;2.25E-03;6086
129;5.03;9.51;15.26;174.74;14;2.3285;1.08E-03;5306
130;3.9;8.74;241.57;308.43;8;2.3462;6.38E-04;1230
131;2.29;12.03;357.08;192.92;5;2.6466;2.80E-03;8808
132;2.27;10.13;185.99;4.01;25;2.4792;8.56E-04;2268
133;1.81;10.7;43.78;146.22;9;2.4396;5.66E-03;5435
134;1.84;11.42;270.97;279.03;17;2.4312;7.35E-04;3107
135;2.19;12.29;351.48;198.52;1;2.3027;3.39E-03;4153
136;2.82;11.88;111.01;78.99;20;2.386;1.15E-03;7062
137;3.79;11.61;215.65;334.35;15;2.6005;7.58E-03;9477
138;5.48;10.39;192.68;357.32;11;2.4988;5.70E-04;8543
139;3.24;11.73;306.45;243.55;19;2.3939;1.04E-03;8352
140;3.68;11.16;347.11;202.89;11;2.6423;1.96E-03;3878
141;5.68;10.18;299.52;250.48;10;2.4279;5.93E-04;2035
142;5.28;11.36;104.26;85.74;21;2.4686;5.83E-03;616
143;2.54;9.67;238.5;311.5;2;2.2859;1.67E-03;3640
144;1.7;8.96;334.02;215.98;6;2.3689;1.73E-03;6371
145;4.8;12.12;6.36;183.64;12;2.5864;4.69E-03;8238
146;4.05;12.76;110.34;79.66;5;2.4988;4.93E-04;7159
147;3.74;9.22;31.17;158.83;5;2.5152;3.12E-03;6877
148;4.44;11.65;293.44;256.56;12;2.3828;3.89E-03;7830
149;2.01;8.27;264.24;285.76;5;2.2984;5.58E-04;5292
150;2.71;12.12;188.58;1.42;3;2.6338;3.80E-03;6937
151;3.52;9.66;182.85;7.15;3;2.3844;4.39E-04;1846
152;4.15;8.01;238;312;17;2.5358;2.25E-03;4798
153;5.73;12.1;322.01;227.99;22;2.2915;2.71E-04;1461
154;1.99;8.31;230.39;319.61;11;2.5784;2.91E-03;2583
155;1.92;8.88;113.56;76.44;3;2.6531;6.28E-03;9182
156;4.39;8.23;186.35;3.65;1;2.2696;1.08E-03;2045
157;4.64;9.15;269.01;280.99;3;2.4018;1.29E-03;1911
158;5.47;9.58;317.06;232.94;19;2.2405;1.76E-03;629
159;1.73;9.64;225.98;324.02;24;2.4652;3.19E-03;381
160;4.28;10.96;23.69;166.31;15;2.4463;2.14E-03;9500
161;2.45;11.11;330.26;219.74;13;2.3462;2.69E-03;4000
162;4.86;12.01;300.07;249.93;23;2.5864;3.19E-03;7165
163;5.23;12.02;287.09;262.91;6;2.3417;4.90E-04;4283
164;2.46;9.92;94.05;95.95;1;2.2669;1.19E-03;623
165;1.68;9.49;114.18;75.82;2;2.3343;6.96E-04;8575
166;4.05;10.16;116.06;73.94;15;2.2736;3.67E-04;9562
167;2.94;8.63;262.6;287.4;8;2.4652;5.70E-03;6977
168;4.3;11.41;12.36;177.64;23;2.4413;1.29E-03;4671
169;4.14;10.69;289.58;260.42;14;2.4898;4.05E-03;117
170;3.26;8.88;257.3;292.7;18;2.5665;7.88E-03;1758
171;5.91;12.96;172.97;17.03;10;2.405;2.90E-03;3339
172;5.83;11.35;248.74;301.26;9;2.2929;2.19E-03;1633
173;4.03;10.24;75.15;114.85;21;2.247;2.38E-03;5320
174;3.33;10.55;1.11;188.89;3;2.3597;6.33E-04;6775
175;5.94;10.25;348.1;201.9;21;2.2846;5.74E-04;7900
176;4.31;8.42;327.65;222.35;20;2.397;2.56E-03;6719
177;5.64;8.56;291.88;258.12;10;2.4686;9.97E-04;8245
178;2.94;8.35;69.05;120.95;3;2.3674;3.99E-03;2101
179;3.51;8.96;118.15;71.85;16;2.5433;3.35E-03;1914
180;4.55;11.26;0.43;189.57;10;2.4531;2.81E-03;2675
181;3.5;9.22;254.91;295.09;15;2.5985;2.88E-03;2323
182;2.81;12.38;19.34;170.66;11;2.5042;1.93E-03;5639
183;3.03;8.26;56.8;133.2;23;2.5134;5.37E-03;444
184;5.77;9.17;179.45;10.55;22;2.4429;2.72E-03;6814
185;2.54;10.36;166.1;23.9;13;2.5744;9.06E-04;9871
186;2.92;8.33;290.84;259.16;1;2.2431;7.14E-04;5323
187;4.58;9.24;217.28;332.72;4;2.4565;2.14E-03;9169
188;5.22;12.33;71.08;118.92;15;2.4704;1.33E-03;3634
189;1.52;12.05;243.65;306.35;15;2.4721;4.19E-03;6490
190;3.46;12.39;132.71;57.29;6;2.4934;4.64E-03;3836
191;2.53;9.73;287.37;262.63;14;2.3198;3.37E-03;5508
192;5.34;10.46;176.45;13.55;22;2.2736;2.13E-03;7370
193;3.77;11.41;216.87;333.13;15;2.5453;8.82E-04;9900
194;1.52;10.64;150.88;39.12;6;2.2392;1.03E-03;6671
195;2.05;11.44;230.23;319.77;16;2.4548;1.47E-03;3592
196;3.52;8.69;304.61;245.39;23;2.3013;1.29E-03;3788
197;1.85;12.27;103;87;19;2.5395;5.29E-03;1727
198;4.06;10.87;353.88;196.12;13;2.2873;5.37E-04;7027
199;3.41;8.77;201.46;348.54;15;2.6067;6.09E-04;3146
200;1.61;12.76;250.29;299.71;12;2.5705;8.23E-03;4419
201;5.91;8.7;101.61;88.39;24;2.2575;1.48E-03;1388
202;5.11;8.36;90.75;99.25;9;2.4583;1.64E-03;6482
203;5.67;10.63;144.54;45.46;15;2.2405;6.79E-04;8541
204;4.49;9.75;159.27;30.73;15;2.3813;4.41E-03;2192
205;5.04;8.46;111.78;78.22;10;2.617;5.21E-03;9648
206;4.57;10.34;284.26;265.74;16;2.6212;3.48E-03;8805
207;2.12;9.26;54.28;135.72;19;2.3387;3.99E-03;6919
208;4.48;10.95;226.7;323.3;11;2.5784;6.24E-03;4227
209;3.33;9.51;245.48;304.52;2;2.3013;2.11E-03;7749
210;5.99;12.57;40.9;149.1;6;2.5646;7.51E-03;7249
211;2.47;10.64;331.59;218.41;16;2.5472;1.24E-03;986
212;2.55;11.49;233.49;316.51;21;2.4083;4.51E-03;7922
213;4.27;9.8;183.13;6.87;4;2.46;6.98E-04;3777
214;5.13;12.44;316.01;233.99;17;2.5824;1.84E-03;309
215;3.81;12.14;347.61;202.39;23;2.405;1.55E-03;7246
216;4.88;11.33;31.14;158.86;3;2.6359;6.88E-03;3901
217;3.87;9.99;264.87;285.13;9;2.5134;5.82E-03;9783
218;5.1;11.17;350.12;199.88;16;2.4827;2.13E-03;2900
219;3.41;9.94;310.35;239.65;14;2.4934;5.84E-03;7138
220;1.86;10.49;206.37;343.63;15;2.6129;3.45E-03;2268
221;3.2;8.3;270.57;279.43;12;2.5705;1.54E-03;7093
222;2.63;12.47;87.73;102.27;20;2.6129;7.00E-03;549
223;3.75;10.28;122.69;67.31;3;2.4669;3.87E-03;2388
224;4.01;9.04;85.15;104.85;16;2.2379;6.59E-04;5102
225;5.85;9.89;263.43;286.57;1;2.3329;3.23E-04;4785
226;2.37;10.64;157.88;32.12;12;2.2832;4.52E-04;4846
227;3.62;8.06;277.15;272.85;25;2.5376;2.57E-03;1516
228;3.97;12.48;313.3;236.7;12;2.3891;2.57E-03;6968
229;4.07;10.5;41.31;148.69;2;2.2901;3.43E-04;4158
230;5.69;8.1;254.19;295.81;18;2.3227;8.61E-04;3846
231;3.81;8.52;90.95;99.05;3;2.5529;2.84E-03;7516
232;3.78;11.32;286.08;263.92;14;2.3643;1.08E-03;4699
233;3.26;8.51;146.99;43.01;14;2.3751;4.70E-04;3506
234;3.03;8.94;140.27;49.73;18;2.2549;7.29E-04;6031
235;3.51;12.18;9.69;180.31;1;2.4863;2.94E-03;1250
236;5.28;10.87;177.73;12.27;8;2.4721;4.89E-04;177
237;5.99;9.61;188.83;1.17;8;2.5189;5.86E-04;3105
238;4.11;9.81;96.77;93.23;20;2.4463;1.49E-03;6780
239;5.86;12.04;339.28;210.72;5;2.3735;1.20E-03;6015
240;3.23;10.39;257.4;292.6;19;2.2929;7.13E-04;8078
241;3.21;11.36;183.31;6.69;16;2.6553;1.08E-02;9529
242;4.63;8.99;224.57;325.43;1;2.532;3.24E-03;357
243;3.9;8.21;125.03;64.97;13;2.4845;6.04E-04;6262
244;2.92;12.37;176.78;13.22;11;2.3923;2.60E-03;3434
245;4.46;10.28;35.76;154.24;17;2.2444;1.47E-03;6826
246;2.99;11.86;206.17;343.83;24;2.3027;2.26E-03;5127
247;4.29;9.5;15.37;174.63;8;2.4229;4.53E-03;6846
248;3.08;10.41;69.5;120.5;25;2.3923;7.81E-04;5830
249;2.34;8.37;223.23;326.77;14;2.5626;5.81E-03;7843
250;2.9;8.02;37.06;152.94;8;2.5985;3.25E-03;9958
251;4.65;11.27;193.55;356.45;14;2.5626;5.19E-03;3477
252;5.46;9.22;328.44;221.56;23;2.3923;3.79E-03;8062
253;5.61;11.27;278.13;271.87;16;2.3628;9.83E-04;9979
254;4.78;12.89;52.46;137.54;6;2.4721;8.61E-04;9193
255;3.3;12.28;190.95;359.05;6;2.551;6.69E-04;6769
256;5.39;10.21;243.42;306.58;3;2.4809;2.81E-03;474
257;4.12;12.03;249.77;300.23;2;2.4413;7.81E-04;2750
258;2.77;11.99;249.28;300.72;14;2.3373;3.28E-04;9502
259;2.98;8.98;196.27;353.73;21;2.6423;8.38E-03;6491
260;4.06;8.06;63.33;126.67;21;2.3227;4.74E-04;1126
261;3.16;9.83;67.17;122.83;5;2.5226;6.40E-03;4496
262;3.66;11.65;359.88;190.12;15;2.5744;6.02E-03;9932
263;3.76;11.19;61.34;128.66;24;2.3241;1.69E-03;9338
264;5.97;11.88;62.95;127.05;10;2.5414;1.69E-03;5111
265;3.66;10.67;270.8;279.2;13;2.4686;4.62E-03;3742
266;2.3;9.85;296.77;253.23;20;2.4863;6.55E-03;4023
267;4.62;8.56;239.82;310.18;2;2.3432;1.69E-03;9664
268;5.8;8.13;262.31;287.69;12;2.4067;2.57E-03;5130
269;1.59;10.24;273.57;276.43;20;2.4863;5.17E-03;4500
270;4.59;9.01;283.76;266.24;7;2.2859;1.20E-03;5303
271;5.71;12.02;77.91;112.09;16;2.5804;8.66E-04;1973
272;5.13;8.15;242.78;307.22;11;2.6067;6.96E-03;4552
273;2.55;9.43;130.42;59.58;9;2.4002;7.42E-04;4539
274;2.38;8.01;85.77;104.23;19;2.3643;6.43E-04;7593
275;2.94;8.53;309.27;240.73;14;2.6317;4.30E-03;8231
276;5.56;10.1;335.77;214.23;25;2.3241;1.93E-03;878
277;2.7;12.95;44.75;145.25;22;2.5904;3.63E-03;2323
278;5.13;8.85;121.73;68.27;6;2.4669;1.35E-03;7302
279;5.04;8.09;13.98;176.02;16;2.5006;1.28E-03;5676
280;4.69;11.21;208.17;341.83;1;2.6233;1.81E-03;9527
281;3;11.59;152.87;37.13;17;2.5079;4.70E-04;7731
282;4.63;12.52;319.44;230.56;22;2.488;2.36E-03;6486
283;5.89;9.85;132.27;57.73;25;2.5171;1.54E-03;5546
284;4.28;9.91;345.57;204.43;10;2.3643;3.87E-03;9027
285;4.02;9.24;148.59;41.41;19;2.4634;1.87E-03;2366
286;3.29;8.8;56.59;133.41;18;2.418;9.60E-04;3370
287;4.61;9.94;27.19;162.81;10;2.4583;3.96E-03;5168
288;4.35;11.94;91.53;98.47;22;2.3343;2.06E-03;6484
289;5.16;11.38;190.79;359.21;10;2.2575;2.76E-03;9647
290;5.04;9.56;162.43;27.57;25;2.2457;1.68E-03;4861
291;5.47;11.58;59.12;130.88;10;2.3477;3.66E-03;2768
292;1.61;9.11;349.1;200.9;1;2.2901;1.16E-03;1495
293;3.4;8.83;34.58;155.42;15;2.6423;6.34E-03;2812
294;1.81;12.57;275.92;274.08;13;2.5985;7.96E-03;2462
295;3.29;12.59;348.98;201.02;24;2.4565;2.60E-03;8323
296;5.41;8.51;20.95;169.05;13;2.4396;4.57E-04;2038
297;4.49;11.51;173.41;16.59;13;2.4312;1.56E-03;708
298;4.63;12.13;270.27;279.73;25;2.3256;2.35E-03;1575
299;5.69;9.48;35.14;154.86;8;2.3027;2.60E-03;5598
300;4.66;11.49;10.88;179.12;5;2.5152;1.70E-03;5112
301;2.43;12.94;273.71;276.29;20;2.4756;4.03E-03;6008
302;2.08;9.61;12.37;177.63;6;2.2655;3.05E-04;7822
303;2.12;8.84;117.89;72.11;13;2.6466;8.98E-03;5293
304;3.74;10.94;356.14;193.86;25;2.3597;9.73E-04;9119
305;3.51;8.23;294.4;255.6;25;2.5685;3.67E-03;7324
306;3.13;10.69;32.12;157.88;21;2.3813;2.01E-03;919
307;2.27;8.01;270.18;279.82;1;2.3986;2.76E-03;5027
308;4.09;11;200.55;349.45;3;2.3891;9.59E-04;7962
309;5.05;12.89;312.66;237.34;2;2.5134;2.64E-03;2763
310;5.07;10.09;276.89;273.11;23;2.3402;3.19E-04;5465
311;2.17;11.1;309.66;240.34;3;2.3041;4.20E-04;5458
312;5.59;11.85;106.05;83.95;5;2.3097;9.72E-04;7165
313;4.3;10.3;54.79;135.21;10;2.3582;3.47E-03;7698
314;1.54;9.36;348.2;201.8;25;2.6149;8.27E-03;4860
315;3.7;8.37;255.36;294.64;11;2.2846;2.19E-03;2319
316;2.4;8.54;253.69;296.31;1;2.6402;9.81E-03;9188
317;5.26;9.64;150.72;39.28;17;2.3212;6.18E-04;2678
318;3.7;10.53;171.91;18.09;1;2.2696;2.88E-03;663
319;4.48;9.96;92.8;97.2;16;2.3828;5.29E-04;1523
320;2.88;11.07;184.61;5.39;2;2.4497;9.15E-04;3419
321;5.21;11.68;74.06;115.94;12;2.4739;3.95E-03;9509
322;4.37;10.56;236.28;313.72;2;2.3766;2.10E-03;646
323;4.1;11.82;24.72;165.28;13;2.3055;2.14E-03;1726
324;4.6;9.35;43.14;146.86;4;2.2984;4.89E-04;7931
325;5.38;9.03;123.13;66.87;20;2.5626;6.69E-03;5472
326;3.87;12.02;118.1;71.9;24;2.5339;1.28E-03;7360
327;4.35;11;352.02;197.98;19;2.551;4.45E-03;8050
328;3.66;10.5;248.79;301.21;19;2.6233;2.12E-03;5708
329;5.97;12.2;74.73;115.27;2;2.2846;2.02E-03;577
330;3.22;8.91;120.69;69.31;2;2.5784;1.16E-03;9956
331;2.06;9.71;185.66;4.34;24;2.5646;1.27E-03;7731
332;3.44;9.69;128.74;61.26;6;2.4721;1.71E-03;3230
333;5.92;10.52;94.62;95.38;22;2.4099;2.21E-03;7405
334;1.65;10.03;326.86;223.14;21;2.46;1.55E-03;7817
335;2.19;9.99;174.9;15.1;7;2.4034;2.84E-03;9967
336;3.74;8.13;22.88;167.12;17;2.3447;2.19E-03;9418
337;4.71;9.89;333.55;216.45;6;2.4296;5.31E-03;8464
338;2.29;10.26;321.5;228.5;9;2.6509;4.00E-03;6769
339;5.04;8.77;37.3;152.7;15;2.6005;4.10E-03;9709
340;2.11;9.94;337.8;212.2;8;2.3674;1.13E-03;2928
341;3.48;9.11;343.38;206.62;7;2.6423;4.50E-03;1790
342;1.87;8.3;42.32;147.68;13;2.5784;7.27E-04;3777
343;2.5;9.37;192.07;357.93;7;2.4067;2.91E-03;8697
344;2.51;9.52;84.63;105.37;14;2.3582;4.35E-03;9302
345;3.71;8.83;132.36;57.64;1;2.3782;8.84E-04;5774
346;5.79;9.36;237.97;312.03;12;2.5301;2.47E-03;9108
347;1.55;10.01;89.37;100.63;11;2.5097;3.21E-03;2415
348;3.53;9.71;69.77;120.23;21;2.6509;7.22E-04;5114
349;4.45;8.92;324.13;225.87;11;2.5744;7.73E-03;6138
350;1.58;9.03;22.69;167.31;23;2.5804;6.36E-03;8980
351;2.09;11.53;168.16;21.84;1;2.6531;3.08E-03;4977
352;3.94;12.05;82.24;107.76;25;2.5171;3.80E-03;7799
353;4.6;10.07;288.25;261.75;1;2.2956;3.28E-03;4707
354;5.36;8.21;226.29;323.71;16;2.5685;7.93E-03;8344
355;5.17;10.85;115.68;74.32;2;2.3285;4.55E-04;7666
356;4.15;11.01;271.1;278.9;4;2.5414;1.92E-03;2082
357;5.53;11.83;122.6;67.4;8;2.2431;1.47E-03;8351
358;3.32;8.9;154.62;35.38;14;2.497;9.56E-04;4992
359;5.18;8.55;127.04;62.96;17;2.5824;1.64E-03;1936
360;5.75;11.88;9.65;180.35;11;2.3198;3.48E-03;294
361;2.1;8.77;350.52;199.48;6;2.2804;1.31E-03;6405
362;1.76;8.01;194.4;355.6;5;2.4756;1.54E-03;2097
363;3.69;11.62;323.05;226.95;17;2.2575;9.48E-04;4867
364;3.09;12.21;241.01;308.99;2;2.3212;1.78E-03;2243
365;4.39;12.01;322.01;227.99;14;2.3537;8.35E-04;169
366;4.77;8.76;122.63;67.37;20;2.4396;2.10E-03;4695
367;3.33;8.43;120.31;69.69;10;2.5472;2.56E-03;1943
368;3.35;10.68;50.55;139.45;19;2.3013;2.14E-03;2530
369;2.93;12.78;215.6;334.4;4;2.4845;1.71E-03;1978
370;2.23;9.06;304.18;245.82;14;2.6402;7.50E-03;8277
371;2.75;11.96;63.73;126.27;25;2.4083;5.06E-03;6967
372;2.89;11.24;22.04;167.96;18;2.5097;2.12E-03;3522
373;5.31;10.63;349.36;200.64;25;2.4548;3.22E-03;2612
374;2.74;8.38;345.21;204.79;18;2.4131;9.45E-04;322
375;4.83;11.2;225.85;324.15;11;2.3387;3.18E-04;3640
376;3.24;8.22;71.46;118.54;7;2.2723;2.36E-04;9513
377;5.01;10.83;219.38;330.62;13;2.4279;1.58E-03;7761
378;1.81;10.93;74.06;115.94;22;2.3875;6.75E-04;6844
379;3.1;9.95;298.8;251.2;14;2.2392;5.16E-04;2679
380;4.26;11.48;140.57;49.43;23;2.4345;4.39E-03;5354
381;1.9;9.11;133.94;56.06;19;2.5189;2.60E-03;1142
382;2.52;12.14;271.31;278.69;4;2.5844;4.99E-03;8525
383;2.25;12.51;235.73;314.27;25;2.2818;2.90E-03;4256
384;5.99;12.73;322.14;227.86;25;2.4863;1.83E-03;3904
385;3.19;12.89;87.25;102.75;22;2.3462;1.79E-03;3754
386;2.36;12.84;276.22;273.78;19;2.297;3.18E-04;9916
387;3.62;9;178.06;11.94;8;2.4934;4.81E-03;1873
388;2.74;8.55;120.61;69.39;18;2.297;1.82E-03;6869
389;3.3;12.66;61.56;128.44;18;2.4934;3.29E-03;5482
390;3.19;11.32;63.46;126.54;11;2.2562;9.26E-04;8553
391;5.08;11.17;335.07;214.93;21;2.386;1.95E-03;8263
392;1.83;11.16;128.42;61.58;6;2.5784;5.45E-03;3053
393;4.72;11.25;213.04;336.96;6;2.6296;8.92E-03;847
394;5.59;12.66;250.02;299.98;3;2.6466;3.82E-03;2074
395;3.95;11.42;330.23;219.77;18;2.2709;5.48E-04;5916
396;4.51;12.93;275.21;274.79;11;2.5115;3.68E-03;5997
397;1.82;12.71;84.7;105.3;16;2.3582;2.32E-03;2539
398;4.79;12.04;138.11;51.89;3;2.4497;5.49E-03;7640
399;5.82;12.11;216.92;333.08;6;2.3782;2.55E-03;8994
400;4.69;8.77;42.08;147.92;22;2.2602;2.41E-03;1769
401;3.62;10.24;191.3;358.7;4;2.2431;1.78E-03;2914
402;2.42;9.74;235.95;314.05;24;2.3373;7.20E-04;5969
403;3.43;11.76;112.31;77.69;19;2.2859;2.01E-03;987
404;3.24;12.25;296.51;253.49;8;2.3567;1.42E-03;233
405;1.75;11.48;100.83;89.17;2;2.2682;8.11E-04;7788
406;1.79;9.36;288.38;261.62;1;2.2859;3.17E-03;5366
407;3.78;12.62;150.28;39.72;9;2.5115;1.26E-03;6951
408;2.82;8.85;308.06;241.94;23;2.4429;4.72E-03;6548
409;2.5;11.19;83.96;106.04;11;2.2549;2.85E-04;5113
410;5.58;11.86;232.6;317.4;17;2.4067;4.99E-03;2188
411;5.56;12.74;356.32;193.68;12;2.3674;7.38E-04;6658
412;4.83;10.37;161.46;28.54;15;2.6553;2.70E-03;6093
413;5.27;12.98;221.71;328.29;18;2.3986;2.76E-03;893
414;5.37;11.81;153.75;36.25;18;2.2804;4.23E-04;8417
415;2.82;12.34;147.11;42.89;6;2.3112;6.76E-04;5444
416;2.07;11.47;266.49;283.51;5;2.5339;6.69E-03;7889
417;3.15;9.33;25.36;164.64;15;2.3314;7.93E-04;4460
418;5.26;8.45;262.27;287.73;20;2.4329;2.68E-03;4249
419;3.52;9.59;348.36;201.64;3;2.3126;2.49E-03;7005
420;1.61;10.74;63.32;126.68;1;2.5245;1.64E-03;9643
421;4.89;11.11;127.08;62.92;21;2.3797;3.81E-03;2690
422;2.52;12.86;305.3;244.7;25;2.4669;3.57E-03;3958
423;4.43;8.29;296.03;253.97;14;2.3041;8.09E-04;6872
424;5.62;10.23;170.3;19.7;19;2.4583;6.00E-03;416
425;2;11.47;123.43;66.57;12;2.405;1.64E-03;3718
426;1.88;10.42;20.18;169.82;13;2.3299;3.84E-03;8734
427;2.64;12.29;33.94;156.06;12;2.5472;2.33E-03;3242
428;5.3;12.52;279.97;270.03;7;2.4115;4.91E-03;581
429;2.02;9.67;215.62;334.38;10;2.5985;3.54E-03;8641
430;4.22;10.83;9.66;180.34;22;2.5824;4.83E-03;8873
431;2.33;11.17;98.01;91.99;11;2.314;8.01E-04;8917
432;2.24;10.87;257.73;292.27;7;2.4246;7.61E-04;6636
433;4.62;11.47;62.98;127.02;18;2.2956;1.33E-03;501
434;5.97;12.46;243.6;306.4;8;2.3447;3.59E-03;4948
435;2.55;9.82;234.29;315.71;4;2.3013;1.87E-03;197
436;1.68;9.77;235.14;314.86;3;2.5568;8.32E-04;9651
437;1.73;12.32;277.89;272.11;20;2.4213;1.57E-03;8758
438;5.1;8.02;68.69;121.31;9;2.2496;2.35E-03;4078
439;4.7;12.43;129.78;60.22;21;2.5904;2.81E-03;1514
440;1.82;11.76;174.27;15.73;16;2.2984;8.28E-04;8108
441;4.61;8.48;224.9;325.1;22;2.4034;1.27E-03;3944
442;3.27;12.55;255.84;294.16;16;2.3097;2.82E-03;9677
443;5.3;9.75;138.21;51.79;25;2.3939;2.47E-03;241
444;3.17;9.87;134.64;55.36;18;2.2629;1.09E-03;2006
445;4.05;8.98;30.88;159.12;2;2.4002;2.45E-03;9216
446;3.58;9.41;262.62;287.38;7;2.6359;2.15E-03;9541
447;4.86;12.26;261.51;288.49;16;2.3227;6.21E-04;5044
448;5.09;10.32;123.19;66.81;13;2.4827;5.29E-03;5851
449;3.98;12.8;31.37;158.63;7;2.6531;4.23E-03;8268
450;5.89;8.06;65.32;124.68;13;2.2709;2.65E-03;53
451;2.17;9.29;287.61;262.39;4;2.5358;7.40E-03;1935
452;4.08;8;240.22;309.78;11;2.5115;4.75E-04;9278
453;4.82;12.33;255.02;294.98;6;2.2736;7.14E-04;5181
454;1.91;9.11;319.97;230.03;12;2.5006;8.16E-04;7192
455;5.03;9.63;226.24;323.76;4;2.5395;3.84E-03;5688
456;3.75;10.86;270.5;279.5;3;2.4131;4.20E-04;497
457;3.42;9;12.39;177.61;23;2.3329;1.90E-03;7722
458;5.82;9.25;328.85;221.15;18;2.5433;2.90E-03;8656
459;2.88;8.49;27.17;162.83;12;2.4229;2.26E-03;575
460;5.98;10.99;249.74;300.26;19;2.2562;2.58E-04;1454
461;2.15;12.69;19.94;170.06;12;2.247;7.54E-04;8446
462;2.48;8.1;33.22;156.78;4;2.3083;2.34E-03;7937
463;3.87;10.6;263.13;286.87;21;2.2457;6.48E-04;1327
464;5.78;8.97;275.87;274.13;10;2.2804;2.05E-03;7892
465;3.59;12.15;281.47;268.53;16;2.6488;3.40E-03;7236
466;1.96;12.28;338.73;211.27;2;2.3955;1.50E-03;5061
467;4.66;10.73;234.96;315.04;21;2.3567;1.85E-03;8779
468;2.91;9.44;16.56;173.44;20;2.4345;1.01E-03;2535
469;2.82;12.22;157.61;32.39;7;2.4083;3.05E-03;8684
470;2.98;8.32;24.91;165.09;14;2.3256;1.62E-03;5481
471;2.95;10.24;24.43;165.57;12;2.4312;4.65E-03;8846
472;5.06;11.47;271.45;278.55;22;2.3658;1.55E-03;5247
473;4.14;10.97;308.02;241.98;7;2.2496;3.08E-04;7347
474;4.02;11.11;309.05;240.95;20;2.4463;1.77E-03;5901
475;3.07;12.24;55.58;134.42;8;2.4934;2.83E-03;7913
476;4.57;12.42;164.52;25.48;11;2.5568;1.03E-03;8838
477;3.18;10.78;60.3;129.7;16;2.3955;1.17E-03;7362
478;4.9;10.13;276.75;273.25;2;2.4792;5.96E-03;9699
479;2.89;12.17;182.86;7.14;1;2.2696;7.50E-04;4489
480;2.18;12.86;197.43;352.57;12;2.2846;4.66E-04;4630
481;2.41;11.9;260.77;289.23;12;2.4131;1.83E-03;8851
482;2.02;10.66;179.92;10.08;24;2.2392;6.34E-04;3715
483;2.16;12.04;200.72;349.28;8;2.297;8.95E-04;5816
484;3.87;11.96;346.59;203.41;15;2.4463;9.77E-04;2174
485;3.53;11.54;303.88;246.12;21;2.5844;7.67E-04;2129
486;5.67;10.57;205.97;344.03;16;2.5453;7.05E-04;7860
487;5.97;9.57;174.16;15.84;21;2.3492;1.92E-03;9352
488;5.79;11.23;116.43;73.57;24;2.6129;2.05E-03;4519
489;4.69;10.45;310.48;239.52;18;2.6338;2.59E-03;4481
490;5.77;9.11;76.06;113.94;8;2.6191;8.74E-03;3224
491;5.52;11.26;197.67;352.33;17;2.3299;3.20E-04;3387
492;2.15;9.33;96.96;93.04;9;2.4329;5.54E-03;1169
493;1.54;8.63;301.7;248.3;13;2.3329;2.80E-03;8172
494;4.08;10.93;294.53;255.47;7;2.3828;2.59E-03;7467
495;2.47;11.3;195.97;354.03;14;2.2457;1.22E-03;3761
496;5.28;10.43;195.78;354.22;22;2.3567;9.84E-04;9547
497;5.7;9.37;139.98;50.02;25;2.617;4.51E-03;5599
498;4.61;11.41;133.13;56.87;21;2.3241;1.49E-03;8123
499;3.41;9.13;176.58;13.42;4;2.3907;1.59E-03;3605
500;3.21;8.72;328.26;221.74;11;2.3643;2.96E-03;7231
501;2.26;8.26;305.48;244.52;7;2.3492;6.44E-04;9833
502;4.32;10.96;29.94;160.06;4;2.2536;1.13E-03;8701
503;2.31;9.31;200.15;349.85;12;2.4463;8.15E-04;544
504;5.6;11.89;233.43;316.57;4;2.4514;5.07E-03;3528
505;2.02;11.89;148.83;41.17;22;2.297;2.66E-04;1062
506;4.12;9.87;239.19;310.81;24;2.3597;7.20E-04;5309
507;5.51;8.87;59.05;130.95;6;2.2418;2.37E-03;6564
508;3.32;12.08;208.01;341.99;19;2.6359;8.70E-03;4233
509;5.33;11.33;99.64;90.36;21;2.5042;8.75E-04;7523
510;2.63;10.06;29.51;160.49;21;2.2901;3.21E-04;3872
511;3.91;12.64;181.19;8.81;3;2.6233;7.74E-04;7173
512;4.52;11.82;147.66;42.34;4;2.6275;5.99E-03;8329
513;1.63;11.27;146.75;43.25;20;2.5705;5.68E-04;9807
514;3.47;9.49;193.56;356.44;12;2.6212;1.71E-03;9018
515;2.58;12.4;82.5;107.5;9;2.2723;1.74E-03;4980
516;1.62;10.77;216.84;333.16;22;2.5024;2.64E-03;7361
517;3.33;10.13;28.7;161.3;4;2.3212;1.81E-03;6743
518;4.27;9.4;149.73;40.27;19;2.6402;9.71E-03;4100
519;3.42;10.34;297.81;252.19;7;2.3643;3.83E-03;4455
520;3.62;10.01;300.13;249.87;13;2.6212;1.01E-02;5670
521;5.86;8.32;165.11;24.89;15;2.5744;8.58E-03;9580
522;3.49;11.82;28.62;161.38;19;2.5607;6.57E-03;4068
523;4.63;12.47;343.12;206.88;21;2.2602;1.42E-03;4181
524;1.72;12.62;92.17;97.83;25;2.6296;6.67E-03;6380
525;4.14;9.45;54.65;135.35;21;2.2791;2.23E-04;3054
526;5.25;10.43;257;293;10;2.3343;2.89E-03;2066
527;5.75;11.86;171;19;22;2.3522;2.44E-03;5593
528;3.86;12.88;323.22;226.78;19;2.4034;3.97E-03;2316
529;5.45;10.25;282.38;267.62;11;2.2846;1.62E-03;4215
530;4.48;11.78;145.24;44.76;8;2.5665;8.38E-03;2608
531;3.38;9.84;36.15;153.85;9;2.6067;5.70E-03;2805
532;3.7;10.64;159.93;30.07;8;2.4379;2.26E-03;4112
533;2.09;8.44;317.78;232.22;1;2.2998;2.19E-03;6763
534;4.18;8.24;142.25;47.75;16;2.3735;3.18E-04;7141
535;1.87;8.85;336.99;213.01;7;2.617;2.17E-03;1874
536;4.85;8.87;351.48;198.52;8;2.3432;4.50E-04;1401
537;5.32;9.51;330.54;219.46;1;2.6129;2.10E-03;3022
538;3.3;8.44;146.04;43.96;15;2.314;8.91E-04;9989
539;2.53;10.77;349.56;200.44;5;2.2562;1.91E-03;8094
540;1.62;8.02;152.23;37.77;6;2.5115;6.32E-03;7520
541;3.61;12.87;66.78;123.22;12;2.4329;5.04E-03;5754
542;3.63;12.94;329.01;220.99;4;2.4739;2.22E-03;1362
543;2.33;8.8;201.4;348.6;9;2.2589;2.34E-03;7364
544;5.07;12.32;119.57;70.43;1;2.3462;2.91E-04;6657
545;4.05;8.95;30.94;159.06;5;2.2709;2.11E-03;1939
546;3.34;9.97;83.33;106.67;24;2.6275;9.25E-03;1669
547;3.72;12.57;211.13;338.87;5;2.4002;4.64E-03;1437
548;1.89;12.5;278.97;271.03;16;2.6233;2.26E-03;8166
549;5.01;10.93;346.91;203.09;20;2.6381;5.85E-03;2692
550;4.11;10.78;229.61;320.39;8;2.3628;4.28E-03;9731
551;2.24;11.42;43.1;146.9;6;2.3198;1.85E-03;1454
552;4.81;8.53;143.28;46.72;6;2.3083;6.69E-04;5209
553;3.27;11.75;147.49;42.51;15;2.5208;4.57E-03;3577
554;2.39;12.95;62.78;127.22;10;2.5764;3.26E-03;2448
555;3.27;12.65;203.27;346.73;3;2.532;3.54E-03;9002
556;5.86;12.35;291.22;258.78;9;2.386;5.02E-04;9083
557;2.72;10.16;216.96;333.04;5;2.418;3.48E-03;4407
558;3.67;9.44;30.32;159.68;25;2.532;6.73E-03;5929
559;3.38;12.69;170.83;19.17;2;2.3256;3.08E-03;8994
560;3.22;9.5;293.1;256.9;15;2.5665;8.47E-03;1634
561;5.69;9.58;61.42;128.58;15;2.6531;1.07E-02;4402
562;2.97;10.65;61.55;128.45;7;2.488;5.94E-03;4986
563;2.43;9.67;358.73;191.27;15;2.3155;3.50E-04;1345
564;4.13;11.39;125.44;64.56;4;2.4845;2.88E-03;2677
565;5.63;10.56;295.87;254.13;15;2.2956;6.26E-04;4349
566;2.68;8.68;196.48;353.52;21;2.397;1.80E-03;7535
567;5.55;9.61;215.97;334.03;9;2.3751;1.43E-03;321
568;1.92;12.48;115.31;74.69;6;2.4312;3.15E-03;7800
569;5.57;9.55;358.51;191.49;1;2.6212;3.66E-03;6064
570;4.39;12.4;36.75;153.25;9;2.5453;4.93E-03;7070
571;1.57;12.61;70.05;119.95;15;2.3198;9.27E-04;4483
572;4.51;11.44;87.07;102.93;21;2.2682;4.78E-04;1769
573;3.13;10.83;13.17;176.83;14;2.4809;2.94E-03;9822
574;2.6;9.65;218.38;331.62;10;2.6005;7.24E-03;50
575;4.78;9.03;25.45;164.55;24;2.46;3.13E-03;3314
576;4.57;10.52;41.75;148.25;25;2.4067;1.23E-03;9922
577;5.31;10.37;265.74;284.26;6;2.5433;2.18E-03;7641
578;3.46;10.85;102.97;87.03;2;2.5245;1.79E-03;3565
579;2.51;9.92;132.3;57.7;12;2.3329;1.43E-03;4589
580;2.97;10.89;339.5;210.5;5;2.2943;1.82E-03;262
581;3.59;11.45;58.7;131.3;4;2.3955;5.51E-04;1461
582;2.08;10.53;323.86;226.14;13;2.4617;1.82E-03;1368
583;3.14;11.6;276.66;273.34;1;2.5152;5.09E-03;6573
584;1.88;9.21;176.2;13.8;23;2.4514;1.45E-03;5126
585;3.54;11.53;77.57;112.43;9;2.4669;1.59E-03;4718
586;2.56;11.52;227.91;322.09;11;2.448;1.84E-03;6319
587;1.77;10.79;258.43;291.57;9;2.4312;4.30E-03;4158
588;1.75;10.77;214.86;335.14;8;2.5376;2.85E-03;6288
589;5.87;8.93;291.36;258.64;17;2.4083;5.74E-04;1205
590;4.49;12.53;269.11;280.89;3;2.3797;3.43E-03;7397
591;3.47;8.12;84.81;105.19;20;2.4898;6.49E-03;410
592;2.97;11.31;269.96;280.04;10;2.5744;3.29E-03;9831
593;3.76;12.38;281.09;268.91;4;2.2483;5.72E-04;7406
594;2.12;10.57;287.13;262.87;16;2.617;9.36E-03;2462
595;4.01;9.27;339.95;210.05;1;2.5006;5.15E-04;9961
596;5.79;10.83;26.52;163.48;17;2.4617;4.68E-03;7278
597;2.37;8.43;84.64;105.36;21;2.5607;2.04E-03;103
598;2.31;11.28;252.75;297.25;16;2.4413;8.02E-04;4455
599;3.9;8.61;144.44;45.56;25;2.4669;6.17E-03;1432
600;5.9;9.51;288.82;261.18;8;2.297;9.50E-04;2212
601;4.29;11.49;177.75;12.25;8;2.2418;2.72E-04;7886
602;3.38;11.24;134.8;55.2;13;2.2379;1.11E-03;5784
603;5.2;9.27;172.89;17.11;14;2.3155;1.35E-03;4038
604;1.72;10.72;94.39;95.61;18;2.4018;9.77E-04;5859
605;2.58;12.75;158.16;31.84;11;2.5824;6.86E-03;3679
606;4.81;11.39;226.43;323.57;2;2.3907;4.31E-03;8286
607;5.88;11.93;264.97;285.03;1;2.6531;7.98E-03;5231
608;5.84;11.13;222.14;327.86;22;2.5824;2.74E-03;5267
609;5.73;10.33;72.24;117.76;17;2.6402;1.90E-03;4766
610;5.67;10.65;160.48;29.52;16;2.3674;2.67E-03;4341
611;2.6;11.48;26.84;163.16;9;2.4446;2.86E-03;4614
612;5.1;12.51;110.4;79.6;11;2.5079;5.47E-03;902
613;4.02;12.98;142.99;47.01;17;2.2629;2.29E-03;7753
614;4.94;8.32;310.6;239.4;24;2.3537;4.66E-04;1771
615;4.29;9.42;189.76;0.24;11;2.3041;3.03E-03;8365
616;2.88;9.53;41.17;148.83;22;2.3597;6.33E-04;3346
617;4.54;10.64;187.19;2.81;16;2.6005;5.24E-03;4997
618;4.47;10.77;234.94;315.06;15;2.6087;8.21E-03;1683
619;3.89;12.32;28.9;161.1;16;2.6067;2.06E-03;4795
620;4.53;8.18;131.08;58.92;14;2.4669;1.02E-03;8501
621;3.37;12.85;124.26;65.74;22;2.2818;9.74E-04;4090
622;2.84;12.39;85.63;104.37;14;2.3477;3.78E-03;9615
623;5.68;10.12;270.79;279.21;13;2.448;2.38E-03;6513
624;4.11;11.07;138.29;51.71;25;2.3169;9.18E-04;5979
625;2.77;11.09;134.52;55.48;20;2.3552;2.08E-03;879
626;5.43;11.1;214.17;335.83;2;2.5587;2.37E-03;3461
627;4.55;10.12;355.6;194.4;10;2.386;2.51E-03;9469
628;3.94;12.67;143.13;46.87;12;2.5491;7.24E-03;3169
629;4.86;11.05;137.42;52.58;10;2.3735;3.73E-03;152
630;5.17;11.63;132.69;57.31;3;2.4379;2.45E-03;1941
631;4.78;12.01;83.95;106.05;13;2.5568;1.59E-03;7985
632;3.91;12.9;90.92;99.08;4;2.5226;5.08E-03;192
633;2.32;11.08;220.54;329.46;20;2.5744;1.83E-03;9413
634;3.63;12.68;165.94;24.06;25;2.551;4.64E-03;3051
635;5.39;8.74;19.67;170.33;5;2.5824;3.95E-03;3662
636;3.81;9.03;315.39;234.61;11;2.6108;4.30E-03;7737
637;5.53;11.37;317.04;232.96;9;2.5134;4.19E-03;5804
638;5.94;11.79;17.71;172.29;4;2.3027;3.12E-03;7083
639;1.92;8.38;16.31;173.69;1;2.2998;3.54E-03;7331
640;5.74;11.06;278.01;271.99;6;2.6359;4.91E-03;6174
641;3.84;12.67;359.55;190.45;7;2.2846;2.74E-04;6288
642;5.74;9.7;221.6;328.4;17;2.5282;2.04E-03;6152
643;2.26;12.59;183.66;6.34;6;2.2791;4.21E-04;74
644;3.8;10.32;332.18;217.82;5;2.4246;5.17E-03;9171
645;4.08;11.95;245.14;304.86;25;2.6553;5.43E-03;9979
646;3.31;10.76;55.29;134.71;3;2.2483;2.53E-03;6916
647;3.81;11.39;109;81;23;2.5491;7.47E-03;3637
648;3.48;12.14;234.74;315.26;24;2.4083;1.87E-03;7979
649;2.68;8.8;329.45;220.55;18;2.3552;2.56E-03;2439
650;5.74;8.01;162.98;27.02;13;2.4634;2.38E-03;613
651;3.75;11.35;300.91;249.09;21;2.4809;3.44E-03;6362
652;3.4;11.07;144.91;45.09;7;2.5134;1.39E-03;1506
653;3.13;9.86;43.52;146.48;17;2.3329;2.54E-03;5113
654;3.59;9.62;297.11;252.89;16;2.4863;6.35E-03;6790
655;2.77;10.35;22.7;167.3;22;2.6402;7.86E-03;9715
656;2.53;8.45;235.37;314.63;14;2.4704;6.37E-04;9851
657;1.69;10.44;148;42;15;2.2536;2.49E-03;7497
658;4.47;11.29;210.03;339.97;23;2.2536;6.09E-04;2235
659;2.38;12.54;311.75;238.25;5;2.5646;5.09E-03;8659
660;5.57;8.05;297.91;252.09;7;2.3083;2.47E-04;3760
661;5.3;11.31;41.89;148.11;14;2.3358;2.63E-03;3151
662;4.14;11.39;291.68;258.32;12;2.4809;8.37E-04;9970
663;3.03;9.5;106.38;83.62;19;2.4548;1.59E-03;1962
664;1.76;9.09;50.14;139.86;20;2.386;6.36E-04;6269
665;1.78;9.25;270.18;279.82;22;2.4774;9.24E-04;2015
666;5.96;8.09;314.43;235.57;23;2.5568;4.53E-03;6242
667;2.44;12.83;23.11;166.89;12;2.617;8.50E-03;2965
668;2.56;11.59;219.62;330.38;9;2.4652;1.25E-03;8958
669;5.33;12.83;41.79;148.21;12;2.2629;2.83E-04;1984
670;2.7;12.9;23.82;166.18;16;2.4652;6.88E-04;5289
671;1.61;12.08;61.29;128.71;11;2.3582;2.16E-03;7313
672;5.52;10.51;189.05;0.95;7;2.418;1.96E-03;113
673;4.61;10.72;342.41;207.59;17;2.2929;2.22E-03;4627
674;2.72;9.06;212.28;337.72;6;2.4148;2.04E-03;5624
675;1.93;11.94;340.87;209.13;25;2.2629;2.46E-04;2611
676;3.97;9.21;261.25;288.75;7;2.6026;6.63E-03;1353
677;5.34;12.18;297.86;252.14;10;2.5705;4.22E-03;880
678;3.64;11.15;322.68;227.32;18;2.3735;3.36E-03;325
679;3.61;10.28;305.02;244.98;20;2.4721;1.31E-03;7070
680;2.29;11.44;272.06;277.94;9;2.4792;1.86E-03;5639
681;5.35;9.63;145.76;44.24;5;2.2763;7.05E-04;6640
682;5.45;10.41;62.85;127.15;25;2.3041;3.00E-03;7644
683;1.74;10.21;182.94;7.06;12;2.3432;4.22E-03;3183
684;1.69;9.19;198.3;351.7;15;2.3112;2.77E-03;8163
685;5.48;8.44;6.88;183.12;2;2.2392;2.29E-03;1470
686;5.43;11;342.37;207.63;5;2.5433;2.35E-03;3160
687;5.11;10.72;128.33;61.67;9;2.3462;3.87E-04;1748
688;2.21;8.04;129.29;60.71;17;2.3256;7.96E-04;3345
689;3.88;12.89;6.54;183.46;21;2.4329;7.19E-04;1612
690;5.41;10.49;273.7;276.3;23;2.3955;1.98E-03;5339
691;3.22;10.5;174.2;15.8;20;2.2602;7.27E-04;318
692;4.32;11.1;154.13;35.87;12;2.5985;4.40E-03;3235
693;1.52;8.29;100.2;89.8;14;2.5226;8.48E-04;9568
694;2.57;9.29;51.66;138.34;22;2.2405;6.09E-04;4618
695;3.19;12.8;15.75;174.25;6;2.4809;5.14E-03;8158
696;1.87;9.11;275.14;274.86;13;2.2522;2.80E-03;7208
697;4.2;8.2;32.15;157.85;23;2.4083;5.12E-03;8880
698;1.86;11.91;340.7;209.3;9;2.5024;1.71E-03;2010
699;4.12;12.89;287.85;262.15;13;2.4018;3.10E-03;3914
700;4;10.86;122.82;67.18;9;2.5864;5.44E-03;4192
701;3.52;8.37;13.97;176.03;19;2.4413;1.08E-03;2471
702;4.55;12.64;317.76;232.24;10;2.5864;4.49E-03;880
703;5.68;8.42;158.8;31.2;14;2.4531;9.49E-04;5143
704;5.12;8.18;287.84;262.16;10;2.6129;7.51E-03;369
705;2.09;9.08;50.61;139.39;7;2.3689;2.79E-03;7388
706;5.88;11.41;23.53;166.47;16;2.2522;8.15E-04;4209
707;1.68;12.8;256.46;293.54;10;2.6275;9.75E-03;752
708;3.73;8.27;314.16;235.84;2;2.5705;9.23E-04;906
709;4.07;8.55;63.7;126.3;2;2.5529;6.06E-03;479
710;5;11.69;297.55;252.45;10;2.5079;4.28E-03;1267
711;5.29;10.12;106.35;83.65;19;2.2642;7.52E-04;1771
712;4.48;11.29;355.53;194.47;11;2.3155;2.53E-04;1498
713;4.34;10.16;23.83;166.17;2;2.6005;2.30E-03;36
714;5.59;9.79;44.52;145.48;14;2.2655;1.50E-03;8965
715;4.44;8.99;298.57;251.43;5;2.3299;3.57E-03;2640
716;3.28;12.73;23.5;166.5;10;2.4669;5.53E-04;5
717;2.91;12.74;161.94;28.06;4;2.5245;4.45E-03;9534
718;5.28;12.23;51.9;138.1;25;2.4164;4.29E-03;5390
719;1.88;11.87;291.24;258.76;5;2.6149;6.15E-03;9212
720;5.59;11.77;194.86;355.14;21;2.3907;2.95E-03;4116
721;5.13;12.17;119.71;70.29;6;2.4115;5.98E-04;9809
722;2.7;12.77;335.01;214.99;2;2.4809;1.94E-03;8960
723;4.62;10.8;310.06;239.94;7;2.3891;2.57E-03;5293
724;5.35;12.75;181.59;8.41;19;2.5171;5.43E-03;8925
725;4.04;10.68;111;79;8;2.4686;1.15E-03;1521
726;4.76;8.53;72.52;117.48;20;2.5568;7.65E-03;3831
727;2.1;10.04;97.9;92.1;6;2.6233;5.68E-03;3619
728;3.93;9.48;55.62;134.38;18;2.2496;9.39E-04;5766
729;4.1;10.86;105.05;84.95;9;2.5395;4.18E-03;2720
730;5.53;12.84;158.82;31.18;6;2.2642;8.66E-04;296
731;4.08;8.8;221.36;328.64;17;2.532;2.48E-03;1534
732;5.67;8.81;138.48;51.52;21;2.5226;4.96E-03;1871
733;2.53;10.21;61.43;128.57;4;2.2998;6.35E-04;1438
734;3.21;11.77;280.29;269.71;18;2.4446;3.03E-03;3442
735;4.08;11.03;121.47;68.53;24;2.4704;1.30E-03;2520
736;1.94;9.31;276.6;273.4;9;2.5061;6.90E-03;3766
737;1.59;10.11;20.62;169.38;22;2.3432;5.52E-04;431
738;5.85;11.09;296.43;253.57;25;2.6212;1.01E-03;1764
739;1.9;12.32;173.2;16.8;11;2.3552;4.00E-03;5494
740;4.75;11.37;129.94;60.06;24;2.4345;1.49E-03;9988
741;4.41;11.57;311.67;238.33;12;2.5685;5.77E-03;3316
742;4.26;9.21;241.81;308.19;7;2.2929;6.50E-04;9114
743;2.9;9.04;57.75;132.25;6;2.5024;2.03E-03;4814
744;3.39;11.55;131.92;58.08;18;2.2392;3.07E-04;4271
745;2.92;8.25;176.42;13.58;18;2.4362;8.33E-04;1370
746;3.56;9.74;60.85;129.15;6;2.6466;5.07E-03;8203
747;3.36;12.58;320.58;229.42;9;2.2483;2.34E-03;3431
748;3.13;11.38;92.23;97.77;20;2.5134;1.18E-03;4616
749;2.16;11.37;283.66;266.34;20;2.4845;4.52E-03;8157
750;2.2;8.58;201.42;348.58;8;2.4514;1.77E-03;611
751;5.67;8.6;236.82;313.18;6;2.3643;3.04E-03;7707
752;5.89;9.23;156.84;33.16;4;2.4739;2.70E-03;4696
753;3.09;8.1;1.34;188.66;6;2.5549;6.46E-03;5635
754;5.37;10.98;358.06;191.94;15;2.3432;4.22E-03;1987
755;1.84;10.9;306.85;243.15;7;2.4197;4.88E-03;3703
756;2.83;12.71;278.44;271.56;23;2.2575;2.67E-03;2087
757;2.38;9.92;212.23;337.77;19;2.3069;2.01E-03;6453
758;3.09;9.75;43.52;146.48;5;2.2562;1.36E-03;405
759;3.64;9.19;297.64;252.36;12;2.5134;6.49E-03;3778
760;4.41;9.33;4.95;185.05;9;2.5705;4.72E-03;9160
761;5.47;11.96;249.69;300.31;18;2.3643;3.21E-04;4246
762;4.87;10.11;262.92;287.08;13;2.3373;3.89E-03;1726
763;2.25;9.93;201.57;348.43;2;2.3813;4.20E-04;8016
764;5.73;8.51;198.79;351.21;3;2.4652;3.60E-03;2872
765;2.94;8.82;353.3;196.7;7;2.6108;3.79E-03;8268
766;2.66;12.35;189.83;0.17;10;2.4034;4.59E-03;1475
767;4.38;8.46;181.1;8.9;1;2.4262;1.16E-03;9574
768;5.63;12.47;213.83;336.17;24;2.3329;1.51E-03;7994
769;5.87;9.49;181.96;8.04;23;2.3299;9.99E-04;3986
770;4.13;8.29;67.88;122.12;9;2.5395;7.64E-03;5614
771;1.83;8.55;200.82;349.18;16;2.6317;7.94E-03;3868
772;2.81;8.46;308.72;241.28;15;2.3658;2.94E-03;3171
773;5.44;10.88;71.86;118.14;22;2.5226;3.44E-03;4905
774;5.55;11.47;20.92;169.08;9;2.4345;4.59E-03;8390
775;3.27;11.6;10.69;179.31;14;2.2496;1.44E-03;1519
776;4.03;11.83;101.79;88.21;8;2.2669;1.81E-03;1823
777;4.12;9;24.09;165.91;23;2.551;7.67E-04;9729
778;1.63;11.87;90.23;99.77;21;2.2791;5.92E-04;1246
779;2.75;10.64;153.99;36.01;19;2.5245;7.30E-04;523
780;3.67;11.25;7.53;182.47;12;2.2859;2.25E-03;9491
781;4.15;11.89;234.57;315.43;5;2.4067;3.70E-03;9641
782;2.68;11.88;39.68;150.32;22;2.4514;3.68E-03;5389
783;4.84;9.6;311.18;238.82;22;2.3358;1.21E-03;7920
784;3.86;11.68;351.16;198.84;17;2.3432;2.24E-03;7549
785;3.27;10.83;256.05;293.95;21;2.4312;3.24E-03;1992
786;3.33;11.32;330.89;219.11;13;2.4018;1.51E-03;8811
787;4.53;9.13;345.69;204.31;6;2.4329;4.72E-03;2277
788;4.14;9.27;353.13;196.87;25;2.4686;4.66E-04;1667
789;4.32;8.11;235.85;314.15;17;2.5549;2.09E-03;1722
790;5.64;11.63;257.68;292.32;25;2.5042;1.29E-03;6677
791;4.34;8.1;82.56;107.44;15;2.4345;1.67E-03;4485
792;4.74;8.52;312.86;237.14;5;2.4809;3.59E-03;9864
793;3.26;11.18;175.76;14.24;25;2.2669;6.67E-04;2818
794;3.6;8.29;306.57;243.43;12;2.4034;5.04E-03;8088
795;5.47;12.74;334.8;215.2;14;2.6129;7.23E-04;4797
796;1.98;11.6;31.51;158.49;17;2.4148;7.98E-04;3954
797;4.1;9.93;129.57;60.43;12;2.5804;4.60E-03;701
798;4.88;9.22;102.54;87.46;16;2.5208;2.57E-03;4328
799;4.53;12.47;351.12;198.88;6;2.314;2.73E-03;5528
